#pragma once

static unsigned char ntldr_pbr[] = {
  0xeb, 0x3c, 0x90, 0x00, 0x00, 0x00, 0x00, 0x00, 0x00, 0x00, 0x00, 0x00,
  0x00, 0x00, 0x00, 0x00, 0x00, 0x00, 0x00, 0x00, 0x00, 0x00, 0x00, 0x00,
  0x00, 0x00, 0x00, 0x00, 0x00, 0x00, 0x00, 0x00, 0x00, 0x00, 0x00, 0x00,
  0x00, 0x00, 0x00, 0x00, 0x00, 0x00, 0x00, 0x00, 0x00, 0x00, 0x00, 0x00,
  0x00, 0x00, 0x00, 0x00, 0x00, 0x00, 0x46, 0x41, 0x54, 0x31, 0x32, 0x2f,
  0x31, 0x36, 0x33, 0xc9, 0x8e, 0xd1, 0xbc, 0xf0, 0x7b, 0x8e, 0xd9, 0xb8,
  0x00, 0x20, 0x8e, 0xc0, 0xfc, 0xbd, 0x00, 0x7c, 0x38, 0x4e, 0x24, 0x7d,
  0x24, 0x8b, 0xc1, 0x99, 0xe8, 0x3c, 0x01, 0x72, 0x1c, 0x83, 0xeb, 0x3a,
  0x66, 0xa1, 0x1c, 0x7c, 0x26, 0x66, 0x3b, 0x07, 0x26, 0x8a, 0x57, 0xfc,
  0x75, 0x06, 0x80, 0xca, 0x02, 0x88, 0x56, 0x02, 0x80, 0xc3, 0x10, 0x73,
  0xeb, 0x33, 0xc9, 0x8a, 0x46, 0x10, 0x98, 0xf7, 0x66, 0x16, 0x03, 0x46,
  0x1c, 0x13, 0x56, 0x1e, 0x03, 0x46, 0x0e, 0x13, 0xd1, 0x8b, 0x76, 0x11,
  0x60, 0x89, 0x46, 0xfc, 0x89, 0x56, 0xfe, 0xb8, 0x20, 0x00, 0xf7, 0xe6,
  0x8b, 0x5e, 0x0b, 0x03, 0xc3, 0x48, 0xf7, 0xf3, 0x01, 0x46, 0xfc, 0x11,
  0x4e, 0xfe, 0x61, 0xbf, 0x00, 0x00, 0xe8, 0xe6, 0x00, 0x72, 0x39, 0x26,
  0x38, 0x2d, 0x74, 0x17, 0x60, 0xb1, 0x0b, 0xbe, 0xa1, 0x7d, 0xf3, 0xa6,
  0x61, 0x74, 0x32, 0x4e, 0x74, 0x09, 0x83, 0xc7, 0x20, 0x3b, 0xfb, 0x72,
  0xe6, 0xeb, 0xdc, 0xa0, 0xfb, 0x7d, 0xb4, 0x7d, 0x8b, 0xf0, 0xac, 0x98,
  0x40, 0x74, 0x0c, 0x48, 0x74, 0x13, 0xb4, 0x0e, 0xbb, 0x07, 0x00, 0xcd,
  0x10, 0xeb, 0xef, 0xa0, 0xfd, 0x7d, 0xeb, 0xe6, 0xa0, 0xfc, 0x7d, 0xeb,
  0xe1, 0xcd, 0x16, 0xcd, 0x19, 0x26, 0x8b, 0x55, 0x1a, 0x52, 0xb0, 0x01,
  0xbb, 0x00, 0x00, 0xe8, 0x3b, 0x00, 0x72, 0xe8, 0x5b, 0x8a, 0x56, 0x24,
  0xbe, 0x0b, 0x7c, 0x8b, 0xfc, 0xc7, 0x46, 0xf0, 0x3d, 0x7d, 0xc7, 0x46,
  0xf4, 0x29, 0x7d, 0x8c, 0xd9, 0x89, 0x4e, 0xf2, 0x89, 0x4e, 0xf6, 0xc6,
  0x06, 0x96, 0x7d, 0xcb, 0xea, 0x03, 0x00, 0x00, 0x20, 0x0f, 0xb6, 0xc8,
  0x66, 0x8b, 0x46, 0xf8, 0x66, 0x03, 0x46, 0x1c, 0x66, 0x8b, 0xd0, 0x66,
  0xc1, 0xea, 0x10, 0xeb, 0x5e, 0x0f, 0xb6, 0xc8, 0x4a, 0x4a, 0x8a, 0x46,
  0x0d, 0x32, 0xe4, 0xf7, 0xe2, 0x03, 0x46, 0xfc, 0x13, 0x56, 0xfe, 0xeb,
  0x4a, 0x52, 0x50, 0x06, 0x53, 0x6a, 0x01, 0x6a, 0x10, 0x91, 0x8b, 0x46,
  0x18, 0x96, 0x92, 0x33, 0xd2, 0xf7, 0xf6, 0x91, 0xf7, 0xf6, 0x42, 0x87,
  0xca, 0xf7, 0x76, 0x1a, 0x8a, 0xf2, 0x8a, 0xe8, 0xc0, 0xcc, 0x02, 0x0a,
  0xcc, 0xb8, 0x01, 0x02, 0x80, 0x7e, 0x02, 0x0e, 0x75, 0x04, 0xb4, 0x42,
  0x8b, 0xf4, 0x8a, 0x56, 0x24, 0xcd, 0x13, 0x61, 0x61, 0x72, 0x0b, 0x40,
  0x75, 0x01, 0x42, 0x03, 0x5e, 0x0b, 0x49, 0x75, 0x06, 0xf8, 0xc3, 0x41,
  0xbb, 0x00, 0x00, 0x60, 0x66, 0x6a, 0x00, 0xeb, 0xb0, 0x4e, 0x54, 0x4c,
  0x44, 0x52, 0x20, 0x20, 0x20, 0x20, 0x20, 0x20, 0x0d, 0x0a, 0x4e, 0x54,
  0x4c, 0x44, 0x52, 0x20, 0x69, 0x73, 0x20, 0x6d, 0x69, 0x73, 0x73, 0x69,
  0x6e, 0x67, 0xff, 0x0d, 0x0a, 0x44, 0x69, 0x73, 0x6b, 0x20, 0x65, 0x72,
  0x72, 0x6f, 0x72, 0xff, 0x0d, 0x0a, 0x50, 0x72, 0x65, 0x73, 0x73, 0x20,
  0x61, 0x6e, 0x79, 0x20, 0x6b, 0x65, 0x79, 0x20, 0x74, 0x6f, 0x20, 0x72,
  0x65, 0x73, 0x74, 0x61, 0x72, 0x74, 0x0d, 0x0a, 0x00, 0x00, 0x00, 0x00,
  0x00, 0x00, 0x00, 0x00, 0x00, 0x00, 0x00, 0x00, 0x00, 0x00, 0x00, 0x00,
  0x00, 0x00, 0x00, 0xac, 0xbf, 0xcc, 0x55, 0xaa, 0xeb, 0x58, 0x90, 0x00,
  0x00, 0x00, 0x00, 0x00, 0x00, 0x00, 0x00, 0x00, 0x00, 0x00, 0x00, 0x00,
  0x00, 0x00, 0x00, 0x00, 0x00, 0x00, 0x00, 0x00, 0x00, 0x00, 0x00, 0x00,
  0x00, 0x00, 0x00, 0x00, 0x00, 0x00, 0x00, 0x00, 0x00, 0x00, 0x00, 0x00,
  0x00, 0x00, 0x00, 0x00, 0x00, 0x00, 0x00, 0x00, 0x00, 0x00, 0x00, 0x00,
  0x00, 0x00, 0x00, 0x00, 0x00, 0x00, 0x00, 0x00, 0x00, 0x00, 0x00, 0x00,
  0x00, 0x00, 0x00, 0x00, 0x00, 0x00, 0x00, 0x00, 0x00, 0x00, 0x00, 0x00,
  0x00, 0x00, 0x00, 0x00, 0x00, 0x00, 0x46, 0x41, 0x54, 0x33, 0x32, 0x20,
  0x20, 0x20, 0x33, 0xc9, 0x8e, 0xd1, 0xbc, 0xf4, 0x7b, 0x8e, 0xc1, 0x8e,
  0xd9, 0xbd, 0x00, 0x7c, 0x88, 0x4e, 0x02, 0x8a, 0x56, 0x40, 0xb4, 0x08,
  0xcd, 0x13, 0x73, 0x05, 0xb9, 0xff, 0xff, 0x8a, 0xf1, 0x66, 0x0f, 0xb6,
  0xc6, 0x40, 0x66, 0x0f, 0xb6, 0xd1, 0x80, 0xe2, 0x3f, 0xf7, 0xe2, 0x86,
  0xcd, 0xc0, 0xed, 0x06, 0x41, 0x66, 0x0f, 0xb7, 0xc9, 0x66, 0xf7, 0xe1,
  0x66, 0x89, 0x46, 0xf8, 0x83, 0x7e, 0x16, 0x00, 0x75, 0x38, 0x83, 0x7e,
  0x2a, 0x00, 0x77, 0x32, 0x66, 0x8b, 0x46, 0x1c, 0x66, 0x83, 0xc0, 0x0c,
  0xbb, 0x00, 0x80, 0xb9, 0x01, 0x00, 0xe8, 0x2b, 0x00, 0xe9, 0x48, 0x03,
  0xa0, 0xfa, 0x7d, 0xb4, 0x7d, 0x8b, 0xf0, 0xac, 0x84, 0xc0, 0x74, 0x17,
  0x3c, 0xff, 0x74, 0x09, 0xb4, 0x0e, 0xbb, 0x07, 0x00, 0xcd, 0x10, 0xeb,
  0xee, 0xa0, 0xfb, 0x7d, 0xeb, 0xe5, 0xa0, 0xf9, 0x7d, 0xeb, 0xe0, 0x98,
  0xcd, 0x16, 0xcd, 0x19, 0x66, 0x60, 0x66, 0x3b, 0x46, 0xf8, 0x0f, 0x82,
  0x4a, 0x00, 0x66, 0x6a, 0x00, 0x66, 0x50, 0x06, 0x53, 0x66, 0x68, 0x10,
  0x00, 0x01, 0x00, 0x80, 0x7e, 0x02, 0x00, 0x0f, 0x85, 0x20, 0x00, 0xb4,
  0x41, 0xbb, 0xaa, 0x55, 0x8a, 0x56, 0x40, 0xcd, 0x13, 0x0f, 0x82, 0x1c,
  0x00, 0x81, 0xfb, 0x55, 0xaa, 0x0f, 0x85, 0x14, 0x00, 0xf6, 0xc1, 0x01,
  0x0f, 0x84, 0x0d, 0x00, 0xfe, 0x46, 0x02, 0xb4, 0x42, 0x8a, 0x56, 0x40,
  0x8b, 0xf4, 0xcd, 0x13, 0xb0, 0xf9, 0x66, 0x58, 0x66, 0x58, 0x66, 0x58,
  0x66, 0x58, 0xeb, 0x2a, 0x66, 0x33, 0xd2, 0x66, 0x0f, 0xb7, 0x4e, 0x18,
  0x66, 0xf7, 0xf1, 0xfe, 0xc2, 0x8a, 0xca, 0x66, 0x8b, 0xd0, 0x66, 0xc1,
  0xea, 0x10, 0xf7, 0x76, 0x1a, 0x86, 0xd6, 0x8a, 0x56, 0x40, 0x8a, 0xe8,
  0xc0, 0xe4, 0x06, 0x0a, 0xcc, 0xb8, 0x01, 0x02, 0xcd, 0x13, 0x66, 0x61,
  0x0f, 0x82, 0x54, 0xff, 0x81, 0xc3, 0x00, 0x02, 0x66, 0x40, 0x49, 0x0f,
  0x85, 0x71, 0xff, 0xc3, 0x4e, 0x54, 0x4c, 0x44, 0x52, 0x20, 0x20, 0x20,
  0x20, 0x20, 0x20, 0x00, 0x00, 0x00, 0x00, 0x00, 0x00, 0x00, 0x00, 0x00,
  0x00, 0x00, 0x00, 0x00, 0x00, 0x00, 0x00, 0x00, 0x00, 0x00, 0x00, 0x00,
  0x00, 0x00, 0x00, 0x00, 0x00, 0x00, 0x00, 0x00, 0x00, 0x00, 0x00, 0x00,
  0x00, 0x00, 0x00, 0x00, 0x00, 0x00, 0x00, 0x00, 0x00, 0x00, 0x00, 0x00,
  0x00, 0x00, 0x00, 0x00, 0x0d, 0x0a, 0x4e, 0x54, 0x4c, 0x44, 0x52, 0x20,
  0x69, 0x73, 0x20, 0x6d, 0x69, 0x73, 0x73, 0x69, 0x6e, 0x67, 0xff, 0x0d,
  0x0a, 0x44, 0x69, 0x73, 0x6b, 0x20, 0x65, 0x72, 0x72, 0x6f, 0x72, 0xff,
  0x0d, 0x0a, 0x50, 0x72, 0x65, 0x73, 0x73, 0x20, 0x61, 0x6e, 0x79, 0x20,
  0x6b, 0x65, 0x79, 0x20, 0x74, 0x6f, 0x20, 0x72, 0x65, 0x73, 0x74, 0x61,
  0x72, 0x74, 0x0d, 0x0a, 0x00, 0x00, 0x00, 0x00, 0x00, 0x00, 0x00, 0x00,
  0x00, 0x00, 0x00, 0x00, 0x00, 0x00, 0x00, 0x00, 0x00, 0xac, 0xbf, 0xcc,
  0x00, 0x00, 0x55, 0xaa, 0x52, 0x52, 0x61, 0x41, 0x00, 0x00, 0x00, 0x00,
  0x00, 0x00, 0x00, 0x00, 0x00, 0x00, 0x00, 0x00, 0x00, 0x00, 0x00, 0x00,
  0x00, 0x00, 0x00, 0x00, 0x00, 0x00, 0x00, 0x00, 0x00, 0x00, 0x00, 0x00,
  0x00, 0x00, 0x00, 0x00, 0x00, 0x00, 0x00, 0x00, 0x00, 0x00, 0x00, 0x00,
  0x00, 0x00, 0x00, 0x00, 0x00, 0x00, 0x00, 0x00, 0x00, 0x00, 0x00, 0x00,
  0x00, 0x00, 0x00, 0x00, 0x00, 0x00, 0x00, 0x00, 0x00, 0x00, 0x00, 0x00,
  0x00, 0x00, 0x00, 0x00, 0x00, 0x00, 0x00, 0x00, 0x00, 0x00, 0x00, 0x00,
  0x00, 0x00, 0x00, 0x00, 0x00, 0x00, 0x00, 0x00, 0x00, 0x00, 0x00, 0x00,
  0x00, 0x00, 0x00, 0x00, 0x00, 0x00, 0x00, 0x00, 0x00, 0x00, 0x00, 0x00,
  0x00, 0x00, 0x00, 0x00, 0x00, 0x00, 0x00, 0x00, 0x00, 0x00, 0x00, 0x00,
  0x00, 0x00, 0x00, 0x00, 0x00, 0x00, 0x00, 0x00, 0x00, 0x00, 0x00, 0x00,
  0x00, 0x00, 0x00, 0x00, 0x00, 0x00, 0x00, 0x00, 0x00, 0x00, 0x00, 0x00,
  0x00, 0x00, 0x00, 0x00, 0x00, 0x00, 0x00, 0x00, 0x00, 0x00, 0x00, 0x00,
  0x00, 0x00, 0x00, 0x00, 0x00, 0x00, 0x00, 0x00, 0x00, 0x00, 0x00, 0x00,
  0x00, 0x00, 0x00, 0x00, 0x00, 0x00, 0x00, 0x00, 0x00, 0x00, 0x00, 0x00,
  0x00, 0x00, 0x00, 0x00, 0x00, 0x00, 0x00, 0x00, 0x00, 0x00, 0x00, 0x00,
  0x00, 0x00, 0x00, 0x00, 0x00, 0x00, 0x00, 0x00, 0x00, 0x00, 0x00, 0x00,
  0x00, 0x00, 0x00, 0x00, 0x00, 0x00, 0x00, 0x00, 0x00, 0x00, 0x00, 0x00,
  0x00, 0x00, 0x00, 0x00, 0x00, 0x00, 0x00, 0x00, 0x00, 0x00, 0x00, 0x00,
  0x00, 0x00, 0x00, 0x00, 0x00, 0x00, 0x00, 0x00, 0x00, 0x00, 0x00, 0x00,
  0x00, 0x00, 0x00, 0x00, 0x00, 0x00, 0x00, 0x00, 0x00, 0x00, 0x00, 0x00,
  0x00, 0x00, 0x00, 0x00, 0x00, 0x00, 0x00, 0x00, 0x00, 0x00, 0x00, 0x00,
  0x00, 0x00, 0x00, 0x00, 0x00, 0x00, 0x00, 0x00, 0x00, 0x00, 0x00, 0x00,
  0x00, 0x00, 0x00, 0x00, 0x00, 0x00, 0x00, 0x00, 0x00, 0x00, 0x00, 0x00,
  0x00, 0x00, 0x00, 0x00, 0x00, 0x00, 0x00, 0x00, 0x00, 0x00, 0x00, 0x00,
  0x00, 0x00, 0x00, 0x00, 0x00, 0x00, 0x00, 0x00, 0x00, 0x00, 0x00, 0x00,
  0x00, 0x00, 0x00, 0x00, 0x00, 0x00, 0x00, 0x00, 0x00, 0x00, 0x00, 0x00,
  0x00, 0x00, 0x00, 0x00, 0x00, 0x00, 0x00, 0x00, 0x00, 0x00, 0x00, 0x00,
  0x00, 0x00, 0x00, 0x00, 0x00, 0x00, 0x00, 0x00, 0x00, 0x00, 0x00, 0x00,
  0x00, 0x00, 0x00, 0x00, 0x00, 0x00, 0x00, 0x00, 0x00, 0x00, 0x00, 0x00,
  0x00, 0x00, 0x00, 0x00, 0x00, 0x00, 0x00, 0x00, 0x00, 0x00, 0x00, 0x00,
  0x00, 0x00, 0x00, 0x00, 0x00, 0x00, 0x00, 0x00, 0x00, 0x00, 0x00, 0x00,
  0x00, 0x00, 0x00, 0x00, 0x00, 0x00, 0x00, 0x00, 0x00, 0x00, 0x00, 0x00,
  0x00, 0x00, 0x00, 0x00, 0x00, 0x00, 0x00, 0x00, 0x00, 0x00, 0x00, 0x00,
  0x00, 0x00, 0x00, 0x00, 0x00, 0x00, 0x00, 0x00, 0x00, 0x00, 0x00, 0x00,
  0x00, 0x00, 0x00, 0x00, 0x00, 0x00, 0x00, 0x00, 0x00, 0x00, 0x00, 0x00,
  0x00, 0x00, 0x00, 0x00, 0x00, 0x00, 0x00, 0x00, 0x00, 0x00, 0x00, 0x00,
  0x00, 0x00, 0x00, 0x00, 0x00, 0x00, 0x00, 0x00, 0x00, 0x00, 0x00, 0x00,
  0x00, 0x00, 0x00, 0x00, 0x00, 0x00, 0x00, 0x00, 0x00, 0x00, 0x00, 0x00,
  0x00, 0x00, 0x00, 0x00, 0x00, 0x00, 0x00, 0x00, 0x00, 0x00, 0x00, 0x00,
  0x00, 0x00, 0x00, 0x00, 0x00, 0x00, 0x00, 0x00, 0x72, 0x72, 0x41, 0x61,
  0x7b, 0xf7, 0x0e, 0x00, 0x04, 0x00, 0x00, 0x00, 0x00, 0x00, 0x00, 0x00,
  0x00, 0x00, 0x00, 0x00, 0x00, 0x00, 0x00, 0x00, 0x00, 0x00, 0x55, 0xaa,
  0xeb, 0x52, 0x90, 0x4e, 0x54, 0x46, 0x53, 0x20, 0x20, 0x20, 0x20, 0x00,
  0x00, 0x00, 0x00, 0x00, 0x00, 0x00, 0x00, 0x00, 0x00, 0x00, 0x00, 0x00,
  0x00, 0x00, 0x00, 0x00, 0x00, 0x00, 0x00, 0x00, 0x00, 0x00, 0x00, 0x00,
  0x00, 0x00, 0x00, 0x00, 0x00, 0x00, 0x00, 0x00, 0x00, 0x00, 0x00, 0x00,
  0x00, 0x00, 0x00, 0x00, 0x00, 0x00, 0x00, 0x00, 0x00, 0x00, 0x00, 0x00,
  0x00, 0x00, 0x00, 0x00, 0x00, 0x00, 0x00, 0x00, 0x00, 0x00, 0x00, 0x00,
  0x00, 0x00, 0x00, 0x00, 0x00, 0x00, 0x00, 0x00, 0x00, 0x00, 0x00, 0x00,
  0xfa, 0x33, 0xc0, 0x8e, 0xd0, 0xbc, 0x00, 0x7c, 0xfb, 0xb8, 0xc0, 0x07,
  0x8e, 0xd8, 0xe8, 0x16, 0x00, 0xb8, 0x00, 0x0d, 0x8e, 0xc0, 0x33, 0xdb,
  0xc6, 0x06, 0x0e, 0x00, 0x10, 0xe8, 0x53, 0x00, 0x68, 0x00, 0x0d, 0x68,
  0x6a, 0x02, 0xcb, 0x8a, 0x16, 0x24, 0x00, 0xb4, 0x08, 0xcd, 0x13, 0x73,
  0x05, 0xb9, 0xff, 0xff, 0x8a, 0xf1, 0x66, 0x0f, 0xb6, 0xc6, 0x40, 0x66,
  0x0f, 0xb6, 0xd1, 0x80, 0xe2, 0x3f, 0xf7, 0xe2, 0x86, 0xcd, 0xc0, 0xed,
  0x06, 0x41, 0x66, 0x0f, 0xb7, 0xc9, 0x66, 0xf7, 0xe1, 0x66, 0xa3, 0x20,
  0x00, 0xc3, 0xb4, 0x41, 0xbb, 0xaa, 0x55, 0x8a, 0x16, 0x24, 0x00, 0xcd,
  0x13, 0x72, 0x0f, 0x81, 0xfb, 0x55, 0xaa, 0x75, 0x09, 0xf6, 0xc1, 0x01,
  0x74, 0x04, 0xfe, 0x06, 0x14, 0x00, 0xc3, 0x66, 0x60, 0x1e, 0x06, 0x66,
  0xa1, 0x10, 0x00, 0x66, 0x03, 0x06, 0x1c, 0x00, 0x66, 0x3b, 0x06, 0x20,
  0x00, 0x0f, 0x82, 0x3a, 0x00, 0x1e, 0x66, 0x6a, 0x00, 0x66, 0x50, 0x06,
  0x53, 0x66, 0x68, 0x10, 0x00, 0x01, 0x00, 0x80, 0x3e, 0x14, 0x00, 0x00,
  0x0f, 0x85, 0x0c, 0x00, 0xe8, 0xb3, 0xff, 0x80, 0x3e, 0x14, 0x00, 0x00,
  0x0f, 0x84, 0x61, 0x00, 0xb4, 0x42, 0x8a, 0x16, 0x24, 0x00, 0x16, 0x1f,
  0x8b, 0xf4, 0xcd, 0x13, 0x66, 0x58, 0x5b, 0x07, 0x66, 0x58, 0x66, 0x58,
  0x1f, 0xeb, 0x2d, 0x66, 0x33, 0xd2, 0x66, 0x0f, 0xb7, 0x0e, 0x18, 0x00,
  0x66, 0xf7, 0xf1, 0xfe, 0xc2, 0x8a, 0xca, 0x66, 0x8b, 0xd0, 0x66, 0xc1,
  0xea, 0x10, 0xf7, 0x36, 0x1a, 0x00, 0x86, 0xd6, 0x8a, 0x16, 0x24, 0x00,
  0x8a, 0xe8, 0xc0, 0xe4, 0x06, 0x0a, 0xcc, 0xb8, 0x01, 0x02, 0xcd, 0x13,
  0x0f, 0x82, 0x19, 0x00, 0x8c, 0xc0, 0x05, 0x20, 0x00, 0x8e, 0xc0, 0x66,
  0xff, 0x06, 0x10, 0x00, 0xff, 0x0e, 0x0e, 0x00, 0x0f, 0x85, 0x6f, 0xff,
  0x07, 0x1f, 0x66, 0x61, 0xc3, 0xa0, 0xf8, 0x01, 0xe8, 0x09, 0x00, 0xa0,
  0xfb, 0x01, 0xe8, 0x03, 0x00, 0xfb, 0xeb, 0xfe, 0xb4, 0x01, 0x8b, 0xf0,
  0xac, 0x3c, 0x00, 0x74, 0x09, 0xb4, 0x0e, 0xbb, 0x07, 0x00, 0xcd, 0x10,
  0xeb, 0xf2, 0xc3, 0x0d, 0x0a, 0x41, 0x20, 0x64, 0x69, 0x73, 0x6b, 0x20,
  0x72, 0x65, 0x61, 0x64, 0x20, 0x65, 0x72, 0x72, 0x6f, 0x72, 0x20, 0x6f,
  0x63, 0x63, 0x75, 0x72, 0x72, 0x65, 0x64, 0x00, 0x0d, 0x0a, 0x4e, 0x54,
  0x4c, 0x44, 0x52, 0x20, 0x69, 0x73, 0x20, 0x6d, 0x69, 0x73, 0x73, 0x69,
  0x6e, 0x67, 0x00, 0x0d, 0x0a, 0x4e, 0x54, 0x4c, 0x44, 0x52, 0x20, 0x69,
  0x73, 0x20, 0x63, 0x6f, 0x6d, 0x70, 0x72, 0x65, 0x73, 0x73, 0x65, 0x64,
  0x00, 0x0d, 0x0a, 0x50, 0x72, 0x65, 0x73, 0x73, 0x20, 0x43, 0x74, 0x72,
  0x6c, 0x2b, 0x41, 0x6c, 0x74, 0x2b, 0x44, 0x65, 0x6c, 0x20, 0x74, 0x6f,
  0x20, 0x72, 0x65, 0x73, 0x74, 0x61, 0x72, 0x74, 0x0d, 0x0a, 0x00, 0x00,
  0x00, 0x00, 0x00, 0x00, 0x00, 0x00, 0x00, 0x00, 0x00, 0x00, 0x00, 0x00,
  0x83, 0xa0, 0xb3, 0xc9, 0x00, 0x00, 0x55, 0xaa, 0x05, 0x00, 0x4e, 0x00,
  0x54, 0x00, 0x4c, 0x00, 0x44, 0x00, 0x52, 0x00, 0x04, 0x00, 0x24, 0x00,
  0x49, 0x00, 0x33, 0x00, 0x30, 0x00, 0x00, 0xe0, 0x00, 0x00, 0x00, 0x30,
  0x00, 0x00, 0x00, 0x00, 0x00, 0x00, 0x00, 0x00, 0x00, 0x00, 0x00, 0x00,
  0x00, 0x00, 0x00, 0x00, 0x00, 0x00, 0x00, 0x00, 0x00, 0x00, 0x00, 0x00,
  0x00, 0x00, 0x00, 0x00, 0x00, 0x00, 0x00, 0x00, 0x00, 0x00, 0x00, 0x00,
  0x00, 0x00, 0x00, 0x00, 0x00, 0x00, 0x00, 0x00, 0x00, 0x00, 0x00, 0x00,
  0x00, 0x00, 0x00, 0x00, 0x00, 0x00, 0x00, 0x00, 0x00, 0x00, 0xeb, 0x12,
  0x90, 0x90, 0x00, 0x00, 0x00, 0x00, 0x00, 0x00, 0x00, 0x00, 0x00, 0x00,
  0x00, 0x00, 0x00, 0x00, 0x00, 0x00, 0x8c, 0xc8, 0x8e, 0xd8, 0xc1, 0xe0,
  0x04, 0xfa, 0x8b, 0xe0, 0xfb, 0xe8, 0x03, 0xfe, 0x66, 0x0f, 0xb7, 0x06,
  0x0b, 0x00, 0x66, 0x0f, 0xb6, 0x1e, 0x0d, 0x00, 0x66, 0xf7, 0xe3, 0x66,
  0xa3, 0x4e, 0x02, 0x66, 0x8b, 0x0e, 0x40, 0x00, 0x80, 0xf9, 0x00, 0x0f,
  0x8f, 0x0e, 0x00, 0xf6, 0xd9, 0x66, 0xb8, 0x01, 0x00, 0x00, 0x00, 0x66,
  0xd3, 0xe0, 0xeb, 0x08, 0x90, 0x66, 0xa1, 0x4e, 0x02, 0x66, 0xf7, 0xe1,
  0x66, 0xa3, 0x52, 0x02, 0x66, 0x0f, 0xb7, 0x1e, 0x0b, 0x00, 0x66, 0x33,
  0xd2, 0x66, 0xf7, 0xf3, 0x66, 0xa3, 0x56, 0x02, 0xe8, 0x71, 0x04, 0x66,
  0x8b, 0x0e, 0x4a, 0x02, 0x66, 0x89, 0x0e, 0x22, 0x02, 0x66, 0x03, 0x0e,
  0x52, 0x02, 0x66, 0x89, 0x0e, 0x26, 0x02, 0x66, 0x03, 0x0e, 0x52, 0x02,
  0x66, 0x89, 0x0e, 0x2a, 0x02, 0x66, 0x03, 0x0e, 0x52, 0x02, 0x66, 0x89,
  0x0e, 0x3a, 0x02, 0x66, 0x03, 0x0e, 0x52, 0x02, 0x66, 0x89, 0x0e, 0x42,
  0x02, 0x66, 0xb8, 0x90, 0x00, 0x00, 0x00, 0x66, 0x8b, 0x0e, 0x22, 0x02,
  0xe8, 0x5f, 0x09, 0x66, 0x0b, 0xc0, 0x0f, 0x84, 0x57, 0xfe, 0x66, 0xa3,
  0x2e, 0x02, 0x66, 0xb8, 0xa0, 0x00, 0x00, 0x00, 0x66, 0x8b, 0x0e, 0x26,
  0x02, 0xe8, 0x46, 0x09, 0x66, 0xa3, 0x32, 0x02, 0x66, 0xb8, 0xb0, 0x00,
  0x00, 0x00, 0x66, 0x8b, 0x0e, 0x2a, 0x02, 0xe8, 0x34, 0x09, 0x66, 0xa3,
  0x36, 0x02, 0x66, 0xa1, 0x2e, 0x02, 0x66, 0x0b, 0xc0, 0x0f, 0x84, 0x24,
  0xfe, 0x67, 0x80, 0x78, 0x08, 0x00, 0x0f, 0x85, 0x1b, 0xfe, 0x67, 0x66,
  0x8d, 0x50, 0x10, 0x67, 0x03, 0x42, 0x04, 0x67, 0x66, 0x0f, 0xb6, 0x48,
  0x0c, 0x66, 0x89, 0x0e, 0x62, 0x02, 0x67, 0x66, 0x8b, 0x48, 0x08, 0x66,
  0x89, 0x0e, 0x5e, 0x02, 0x66, 0xa1, 0x5e, 0x02, 0x66, 0x0f, 0xb7, 0x0e,
  0x0b, 0x00, 0x66, 0x33, 0xd2, 0x66, 0xf7, 0xf1, 0x66, 0xa3, 0x66, 0x02,
  0x66, 0xa1, 0x42, 0x02, 0x66, 0x03, 0x06, 0x5e, 0x02, 0x66, 0xa3, 0x46,
  0x02, 0x66, 0x83, 0x3e, 0x32, 0x02, 0x00, 0x0f, 0x84, 0x1d, 0x00, 0x66,
  0x83, 0x3e, 0x36, 0x02, 0x00, 0x0f, 0x84, 0xc8, 0xfd, 0x66, 0x8b, 0x1e,
  0x36, 0x02, 0x1e, 0x07, 0x66, 0x8b, 0x3e, 0x46, 0x02, 0x66, 0xa1, 0x2a,
  0x02, 0xe8, 0xbc, 0x01, 0x66, 0x0f, 0xb7, 0x0e, 0x00, 0x02, 0x66, 0xb8,
  0x02, 0x02, 0x00, 0x00, 0xe8, 0xfe, 0x07, 0x66, 0x0b, 0xc0, 0x0f, 0x84,
  0xa8, 0x09, 0x67, 0x66, 0x8b, 0x00, 0x1e, 0x07, 0x66, 0x8b, 0x3e, 0x3a,
  0x02, 0xe8, 0x31, 0x06, 0x66, 0xa1, 0x3a, 0x02, 0x66, 0xbb, 0x20, 0x00,
  0x00, 0x00, 0x66, 0xb9, 0x00, 0x00, 0x00, 0x00, 0x66, 0xba, 0x00, 0x00,
  0x00, 0x00, 0xe8, 0xd6, 0x00, 0x66, 0x85, 0xc0, 0x0f, 0x85, 0x23, 0x00,
  0x66, 0xa1, 0x3a, 0x02, 0x66, 0xbb, 0x80, 0x00, 0x00, 0x00, 0x66, 0xb9,
  0x00, 0x00, 0x00, 0x00, 0x66, 0xba, 0x00, 0x00, 0x00, 0x00, 0xe8, 0xb6,
  0x00, 0x66, 0x0b, 0xc0, 0x0f, 0x85, 0x44, 0x00, 0xe9, 0x57, 0x09, 0x66,
  0x33, 0xd2, 0x66, 0xb9, 0x80, 0x00, 0x00, 0x00, 0x66, 0xa1, 0x3a, 0x02,
  0xe8, 0xbc, 0x08, 0x66, 0x0b, 0xc0, 0x0f, 0x84, 0x40, 0x09, 0x1e, 0x07,
  0x66, 0x8b, 0x3e, 0x3a, 0x02, 0xe8, 0xcd, 0x05, 0x66, 0xa1, 0x3a, 0x02,
  0x66, 0xbb, 0x80, 0x00, 0x00, 0x00, 0x66, 0xb9, 0x00, 0x00, 0x00, 0x00,
  0x66, 0xba, 0x00, 0x00, 0x00, 0x00, 0xe8, 0x72, 0x00, 0x66, 0x0b, 0xc0,
  0x0f, 0x84, 0x16, 0x09, 0x67, 0x66, 0x0f, 0xb7, 0x58, 0x0c, 0x66, 0x81,
  0xe3, 0xff, 0x00, 0x00, 0x00, 0x0f, 0x85, 0x0b, 0x09, 0x66, 0x8b, 0xd8,
  0x68, 0x00, 0x20, 0x07, 0x66, 0x2b, 0xff, 0x66, 0xa1, 0x3a, 0x02, 0xe8,
  0xf2, 0x00, 0x8a, 0x16, 0x24, 0x00, 0xb8, 0xe8, 0x03, 0x8e, 0xc0, 0x8d,
  0x36, 0x0b, 0x00, 0x2b, 0xc0, 0x68, 0x00, 0x20, 0x50, 0xcb, 0x06, 0x1e,
  0x66, 0x60, 0x66, 0x8b, 0xda, 0x66, 0x0f, 0xb6, 0x0e, 0x0d, 0x00, 0x66,
  0xf7, 0xe1, 0x66, 0xa3, 0x10, 0x00, 0x66, 0x8b, 0xc3, 0x66, 0xf7, 0xe1,
  0xa3, 0x0e, 0x00, 0x8b, 0xdf, 0x83, 0xe3, 0x0f, 0x8c, 0xc0, 0x66, 0xc1,
  0xef, 0x04, 0x03, 0xc7, 0x50, 0x07, 0xe8, 0x0e, 0xfc, 0x66, 0x61, 0x90,
  0x1f, 0x07, 0xc3, 0x67, 0x03, 0x40, 0x14, 0x67, 0x66, 0x83, 0x38, 0xff,
  0x0f, 0x84, 0x4c, 0x00, 0x67, 0x66, 0x39, 0x18, 0x0f, 0x85, 0x33, 0x00,
  0x66, 0x0b, 0xc9, 0x0f, 0x85, 0x0a, 0x00, 0x67, 0x80, 0x78, 0x09, 0x00,
  0x0f, 0x85, 0x23, 0x00, 0xc3, 0x67, 0x3a, 0x48, 0x09, 0x0f, 0x85, 0x1a,
  0x00, 0x66, 0x8b, 0xf0, 0x67, 0x03, 0x70, 0x0a, 0xe8, 0x97, 0x06, 0x66,
  0x51, 0x1e, 0x07, 0x66, 0x8b, 0xfa, 0xf3, 0xa7, 0x66, 0x59, 0x0f, 0x85,
  0x01, 0x00, 0xc3, 0x67, 0x66, 0x83, 0x78, 0x04, 0x00, 0x0f, 0x84, 0x07,
  0x00, 0x67, 0x66, 0x03, 0x40, 0x04, 0xeb, 0xab, 0x66, 0x2b, 0xc0, 0xc3,
  0x66, 0x8b, 0xf3, 0xe8, 0x6c, 0x06, 0x67, 0x66, 0x03, 0x00, 0x67, 0xf7,
  0x40, 0x0c, 0x02, 0x00, 0x0f, 0x85, 0x34, 0x00, 0x67, 0x66, 0x8d, 0x50,
  0x10, 0x67, 0x3a, 0x4a, 0x40, 0x0f, 0x85, 0x18, 0x00, 0x67, 0x66, 0x8d,
  0x72, 0x42, 0xe8, 0x49, 0x06, 0x66, 0x51, 0x1e, 0x07, 0x66, 0x8b, 0xfb,
  0xf3, 0xa7, 0x66, 0x59, 0x0f, 0x85, 0x01, 0x00, 0xc3, 0x67, 0x83, 0x78,
  0x08, 0x00, 0x0f, 0x84, 0x06, 0x00, 0x67, 0x03, 0x40, 0x08, 0xeb, 0xc2,
  0x66, 0x33, 0xc0, 0xc3, 0x67, 0x80, 0x7b, 0x08, 0x00, 0x0f, 0x85, 0x1c,
  0x00, 0x06, 0x1e, 0x66, 0x60, 0x67, 0x66, 0x8d, 0x53, 0x10, 0x67, 0x66,
  0x8b, 0x0a, 0x66, 0x8b, 0xf3, 0x67, 0x03, 0x72, 0x04, 0xf3, 0xa4, 0x66,
  0x61, 0x90, 0x1f, 0x07, 0xc3, 0x66, 0x50, 0x67, 0x66, 0x8d, 0x53, 0x10,
  0x66, 0x85, 0xc0, 0x0f, 0x85, 0x0a, 0x00, 0x67, 0x66, 0x8b, 0x4a, 0x08,
  0x66, 0x41, 0xeb, 0x11, 0x90, 0x67, 0x66, 0x8b, 0x42, 0x18, 0x66, 0x33,
  0xd2, 0x66, 0xf7, 0x36, 0x4e, 0x02, 0x66, 0x8b, 0xc8, 0x66, 0x2b, 0xc0,
  0x66, 0x5e, 0xe8, 0x01, 0x00, 0xc3, 0x06, 0x1e, 0x66, 0x60, 0x67, 0x80,
  0x7b, 0x08, 0x01, 0x0f, 0x84, 0x03, 0x00, 0xe9, 0x93, 0xfb, 0x66, 0x83,
  0xf9, 0x00, 0x0f, 0x85, 0x06, 0x00, 0x66, 0x61, 0x90, 0x1f, 0x07, 0xc3,
  0x66, 0x53, 0x66, 0x50, 0x66, 0x51, 0x66, 0x56, 0x66, 0x57, 0x06, 0xe8,
  0x91, 0x04, 0x66, 0x8b, 0xd1, 0x07, 0x66, 0x5f, 0x66, 0x5e, 0x66, 0x59,
  0x66, 0x85, 0xc0, 0x0f, 0x84, 0x34, 0x00, 0x66, 0x3b, 0xca, 0x0f, 0x8d,
  0x03, 0x00, 0x66, 0x8b, 0xd1, 0xe8, 0x82, 0xfe, 0x66, 0x2b, 0xca, 0x66,
  0x8b, 0xda, 0x66, 0x8b, 0xc2, 0x66, 0x0f, 0xb6, 0x16, 0x0d, 0x00, 0x66,
  0xf7, 0xe2, 0x66, 0x0f, 0xb7, 0x16, 0x0b, 0x00, 0x66, 0xf7, 0xe2, 0x66,
  0x03, 0xf8, 0x66, 0x58, 0x66, 0x03, 0xc3, 0x66, 0x5b, 0xeb, 0x9f, 0x66,
  0x85, 0xf6, 0x0f, 0x84, 0x2b, 0xfb, 0x66, 0x51, 0x66, 0x57, 0x06, 0x67,
  0x66, 0x0f, 0xb6, 0x43, 0x09, 0x66, 0x85, 0xc0, 0x0f, 0x84, 0x20, 0x00,
  0x66, 0xd1, 0xe0, 0x66, 0x2b, 0xe0, 0x66, 0x8b, 0xfc, 0x66, 0x54, 0x66,
  0x56, 0x67, 0x66, 0x0f, 0xb7, 0x73, 0x0a, 0x66, 0x03, 0xf3, 0x66, 0x8b,
  0xc8, 0xf3, 0xa4, 0x66, 0x5e, 0xeb, 0x03, 0x90, 0x66, 0x50, 0x66, 0x50,
  0x67, 0x66, 0x8b, 0x03, 0x66, 0x50, 0x67, 0x66, 0x8b, 0x43, 0x18, 0x66,
  0x50, 0x67, 0x66, 0x8b, 0x56, 0x20, 0x66, 0x85, 0xd2, 0x0f, 0x84, 0x0b,
  0x00, 0x66, 0x8b, 0xfe, 0x1e, 0x07, 0x66, 0x8b, 0xc2, 0xe8, 0x71, 0x03,
  0x66, 0x8b, 0xc6, 0x66, 0x5a, 0x66, 0x59, 0x66, 0x42, 0x66, 0x51, 0x66,
  0x56, 0xe8, 0x3f, 0x06, 0x66, 0x85, 0xc0, 0x0f, 0x84, 0xba, 0xfa, 0x66,
  0x5e, 0x66, 0x59, 0x66, 0x8b, 0xfe, 0x1e, 0x07, 0xe8, 0x4e, 0x03, 0x66,
  0x8b, 0xc6, 0x66, 0x8b, 0xd9, 0x66, 0x59, 0x66, 0x5a, 0x66, 0x51, 0x66,
  0x56, 0x66, 0xd1, 0xe9, 0xe8, 0xf8, 0xfd, 0x66, 0x85, 0xc0, 0x0f, 0x84,
  0x93, 0xfa, 0x66, 0x5e, 0x66, 0x59, 0x66, 0x03, 0xe1, 0x07, 0x66, 0x5f,
  0x66, 0x59, 0x66, 0x8b, 0xd0, 0x66, 0x58, 0x66, 0x5b, 0x66, 0x8b, 0xda,
  0xe9, 0xf5, 0xfe, 0x06, 0x1e, 0x66, 0x60, 0x26, 0x67, 0x66, 0x0f, 0xb7,
  0x5f, 0x04, 0x26, 0x67, 0x66, 0x0f, 0xb7, 0x4f, 0x06, 0x66, 0x0b, 0xc9,
  0x0f, 0x84, 0x61, 0xfa, 0x66, 0x03, 0xdf, 0x66, 0x83, 0xc3, 0x02, 0x66,
  0x81, 0xc7, 0xfe, 0x01, 0x00, 0x00, 0x66, 0x49, 0x66, 0x0b, 0xc9, 0x0f,
  0x84, 0x17, 0x00, 0x26, 0x67, 0x8b, 0x03, 0x26, 0x67, 0x89, 0x07, 0x66,
  0x83, 0xc3, 0x02, 0x66, 0x81, 0xc7, 0x00, 0x02, 0x00, 0x00, 0x66, 0x49,
  0xeb, 0xe2, 0x66, 0x61, 0x90, 0x1f, 0x07, 0xc3, 0x06, 0x1e, 0x66, 0x60,
  0x66, 0xb8, 0x01, 0x00, 0x00, 0x00, 0x66, 0xa3, 0x1e, 0x02, 0x66, 0xa1,
  0x1a, 0x02, 0x66, 0x03, 0x06, 0x52, 0x02, 0x66, 0xa3, 0x5a, 0x02, 0x66,
  0x03, 0x06, 0x52, 0x02, 0x66, 0xa3, 0x4a, 0x02, 0x66, 0xa1, 0x30, 0x00,
  0x66, 0x0f, 0xb6, 0x1e, 0x0d, 0x00, 0x66, 0xf7, 0xe3, 0x66, 0x8b, 0x1e,
  0x4a, 0x02, 0x66, 0x89, 0x07, 0x66, 0xa3, 0x10, 0x00, 0x83, 0xc3, 0x04,
  0x66, 0xa1, 0x56, 0x02, 0x66, 0x89, 0x07, 0xa3, 0x0e, 0x00, 0x83, 0xc3,
  0x04, 0x66, 0x89, 0x1e, 0x4a, 0x02, 0x66, 0x8b, 0x1e, 0x1a, 0x02, 0x1e,
  0x07, 0xe8, 0x37, 0xf9, 0x66, 0x8b, 0xfb, 0xe8, 0x51, 0xff, 0x66, 0xa1,
  0x1a, 0x02, 0x66, 0xbb, 0x20, 0x00, 0x00, 0x00, 0x66, 0xb9, 0x00, 0x00,
  0x00, 0x00, 0x66, 0xba, 0x00, 0x00, 0x00, 0x00, 0xe8, 0x10, 0xfd, 0x66,
  0x0b, 0xc0, 0x0f, 0x84, 0x19, 0x01, 0x66, 0x8b, 0xd8, 0x1e, 0x07, 0x66,
  0x8b, 0x3e, 0x16, 0x02, 0x66, 0x33, 0xc0, 0xe8, 0xa2, 0xfd, 0x66, 0x8b,
  0x1e, 0x16, 0x02, 0x66, 0x81, 0x3f, 0x80, 0x00, 0x00, 0x00, 0x0f, 0x84,
  0xeb, 0x00, 0x03, 0x5f, 0x04, 0xeb, 0xf0, 0x66, 0x53, 0x66, 0x8b, 0x47,
  0x10, 0x66, 0xf7, 0x26, 0x56, 0x02, 0x66, 0x50, 0x66, 0x33, 0xd2, 0x66,
  0x0f, 0xb6, 0x1e, 0x0d, 0x00, 0x66, 0xf7, 0xf3, 0x66, 0x52, 0xe8, 0xdc,
  0x00, 0x66, 0x0b, 0xc0, 0x0f, 0x84, 0x61, 0xf9, 0x66, 0x8b, 0x0e, 0x56,
  0x02, 0x66, 0x0f, 0xb6, 0x1e, 0x0d, 0x00, 0x66, 0xf7, 0xe3, 0x66, 0x5a,
  0x66, 0x03, 0xc2, 0x66, 0x8b, 0x1e, 0x4a, 0x02, 0x66, 0x89, 0x07, 0x83,
  0xc3, 0x04, 0x66, 0x0f, 0xb6, 0x06, 0x0d, 0x00, 0x66, 0x2b, 0xc2, 0x66,
  0x3b, 0xc1, 0x0f, 0x86, 0x03, 0x00, 0x66, 0x8b, 0xc1, 0x66, 0x89, 0x07,
  0x66, 0x2b, 0xc8, 0x66, 0x5a, 0x0f, 0x84, 0x75, 0x00, 0x66, 0x03, 0xc2,
  0x66, 0x50, 0x66, 0x33, 0xd2, 0x66, 0x0f, 0xb6, 0x1e, 0x0d, 0x00, 0x66,
  0xf7, 0xf3, 0x66, 0x51, 0xe8, 0x82, 0x00, 0x66, 0x59, 0x66, 0x0b, 0xc0,
  0x0f, 0x84, 0x05, 0xf9, 0x66, 0x0f, 0xb6, 0x1e, 0x0d, 0x00, 0x66, 0xf7,
  0xe3, 0x66, 0x8b, 0x1e, 0x4a, 0x02, 0x66, 0x8b, 0x17, 0x83, 0xc3, 0x04,
  0x66, 0x03, 0x17, 0x66, 0x3b, 0xd0, 0x0f, 0x85, 0x15, 0x00, 0x66, 0x0f,
  0xb6, 0x06, 0x0d, 0x00, 0x66, 0x3b, 0xc1, 0x0f, 0x86, 0x03, 0x00, 0x66,
  0x8b, 0xc1, 0x66, 0x01, 0x07, 0xeb, 0xa5, 0x83, 0xc3, 0x04, 0x66, 0x89,
  0x1e, 0x4a, 0x02, 0x66, 0x89, 0x07, 0x83, 0xc3, 0x04, 0x66, 0x0f, 0xb6,
  0x06, 0x0d, 0x00, 0x66, 0x3b, 0xc1, 0x0f, 0x86, 0x03, 0x00, 0x66, 0x8b,
  0xc1, 0x66, 0x89, 0x07, 0xeb, 0x82, 0x83, 0xc3, 0x04, 0x66, 0xff, 0x06,
  0x1e, 0x02, 0x66, 0x89, 0x1e, 0x4a, 0x02, 0x66, 0x5b, 0x03, 0x5f, 0x04,
  0x66, 0x81, 0x3f, 0x80, 0x00, 0x00, 0x00, 0x0f, 0x84, 0x0c, 0xff, 0x66,
  0x61, 0x90, 0x1f, 0x07, 0xc3, 0x66, 0x8b, 0xd0, 0x66, 0x8b, 0x0e, 0x1e,
  0x02, 0x66, 0x8b, 0x36, 0x5a, 0x02, 0x66, 0x03, 0x36, 0x52, 0x02, 0x66,
  0x52, 0x66, 0x51, 0x66, 0x52, 0x66, 0x8b, 0x1e, 0x5a, 0x02, 0x66, 0x8b,
  0x3e, 0x56, 0x02, 0x66, 0x8b, 0x04, 0x66, 0xa3, 0x10, 0x00, 0x83, 0xc6,
  0x04, 0x66, 0x8b, 0x04, 0xa3, 0x0e, 0x00, 0x83, 0xc6, 0x04, 0x1e, 0x07,
  0xe8, 0xb8, 0xf7, 0x66, 0x2b, 0xf8, 0x0f, 0x84, 0x08, 0x00, 0xf7, 0x26,
  0x0b, 0x00, 0x03, 0xd8, 0xeb, 0xd9, 0x66, 0x8b, 0x3e, 0x5a, 0x02, 0x1e,
  0x07, 0xe8, 0xbf, 0xfd, 0x66, 0xa1, 0x5a, 0x02, 0x66, 0xbb, 0x80, 0x00,
  0x00, 0x00, 0x66, 0xb9, 0x00, 0x00, 0x00, 0x00, 0x66, 0x8b, 0xd1, 0xe8,
  0x81, 0xfb, 0x66, 0x0b, 0xc0, 0x0f, 0x84, 0x1c, 0xf8, 0x66, 0x8b, 0xd8,
  0x66, 0x58, 0x66, 0x56, 0xe8, 0x2c, 0x01, 0x66, 0x5e, 0x66, 0x0b, 0xc0,
  0x0f, 0x84, 0x05, 0x00, 0x66, 0x5b, 0x66, 0x5b, 0xc3, 0x66, 0x59, 0x66,
  0x5a, 0xe2, 0x84, 0x66, 0x33, 0xc0, 0xc3, 0x06, 0x1e, 0x66, 0x60, 0x66,
  0x50, 0x66, 0x51, 0x66, 0x33, 0xd2, 0x66, 0x0f, 0xb6, 0x1e, 0x0d, 0x00,
  0x66, 0xf7, 0xf3, 0x66, 0x52, 0x66, 0x57, 0xe8, 0x53, 0xff, 0x66, 0x5f,
  0x66, 0x0b, 0xc0, 0x0f, 0x84, 0xd6, 0xf7, 0x66, 0x0f, 0xb6, 0x1e, 0x0d,
  0x00, 0x66, 0xf7, 0xe3, 0x66, 0x5a, 0x66, 0x03, 0xc2, 0x66, 0xa3, 0x10,
  0x00, 0x66, 0x59, 0x66, 0x0f, 0xb6, 0x1e, 0x0d, 0x00, 0x66, 0x3b, 0xcb,
  0x0f, 0x8e, 0x13, 0x00, 0x89, 0x1e, 0x0e, 0x00, 0x66, 0x2b, 0xcb, 0x66,
  0x58, 0x66, 0x03, 0xc3, 0x66, 0x50, 0x66, 0x51, 0xeb, 0x14, 0x90, 0x66,
  0x58, 0x66, 0x03, 0xc1, 0x66, 0x50, 0x89, 0x0e, 0x0e, 0x00, 0x66, 0xb9,
  0x00, 0x00, 0x00, 0x00, 0x66, 0x51, 0x06, 0x66, 0x57, 0x8b, 0xdf, 0x83,
  0xe3, 0x0f, 0x8c, 0xc0, 0x66, 0xc1, 0xef, 0x04, 0x03, 0xc7, 0x50, 0x07,
  0xe8, 0xe0, 0xf6, 0x66, 0x5f, 0x07, 0x66, 0x03, 0x3e, 0x4e, 0x02, 0x66,
  0x59, 0x66, 0x58, 0x66, 0x83, 0xf9, 0x00, 0x0f, 0x8f, 0x70, 0xff, 0x66,
  0x61, 0x90, 0x1f, 0x07, 0xc3, 0x06, 0x1e, 0x66, 0x60, 0x66, 0xf7, 0x26,
  0x56, 0x02, 0x66, 0x8b, 0x0e, 0x56, 0x02, 0xe8, 0x55, 0xff, 0xe8, 0xd2,
  0xfc, 0x66, 0x61, 0x90, 0x1f, 0x07, 0xc3, 0x06, 0x1e, 0x66, 0x60, 0x66,
  0xf7, 0x26, 0x62, 0x02, 0x66, 0x8b, 0x1e, 0x32, 0x02, 0x66, 0x8b, 0x0e,
  0x62, 0x02, 0x66, 0x8b, 0x36, 0x26, 0x02, 0x1e, 0x07, 0x66, 0x8b, 0x3e,
  0x42, 0x02, 0xe8, 0x81, 0xfb, 0xe8, 0xa7, 0xfc, 0x66, 0x61, 0x90, 0x1f,
  0x07, 0xc3, 0x66, 0x50, 0x66, 0x53, 0x66, 0x51, 0x66, 0x8b, 0x1e, 0x46,
  0x02, 0x66, 0x8b, 0xc8, 0x66, 0xc1, 0xe8, 0x03, 0x66, 0x83, 0xe1, 0x07,
  0x66, 0x03, 0xd8, 0x66, 0xb8, 0x01, 0x00, 0x00, 0x00, 0x66, 0xd3, 0xe0,
  0x67, 0x84, 0x03, 0x0f, 0x84, 0x04, 0x00, 0xf8, 0xeb, 0x02, 0x90, 0xf9,
  0x66, 0x59, 0x66, 0x5b, 0x66, 0x58, 0xc3, 0x67, 0x80, 0x7b, 0x08, 0x01,
  0x0f, 0x84, 0x04, 0x00, 0x66, 0x2b, 0xc0, 0xc3, 0x67, 0x66, 0x8d, 0x73,
  0x10, 0x67, 0x66, 0x8b, 0x56, 0x08, 0x66, 0x3b, 0xc2, 0x0f, 0x87, 0x0b,
  0x00, 0x67, 0x66, 0x8b, 0x16, 0x66, 0x3b, 0xc2, 0x0f, 0x83, 0x04, 0x00,
  0x66, 0x2b, 0xc0, 0xc3, 0x67, 0x03, 0x5e, 0x10, 0x66, 0x2b, 0xf6, 0x67,
  0x80, 0x3b, 0x00, 0x0f, 0x84, 0x3e, 0x00, 0xe8, 0x81, 0x00, 0x66, 0x03,
  0xf1, 0xe8, 0x39, 0x00, 0x66, 0x03, 0xca, 0x66, 0x3b, 0xc1, 0x0f, 0x8c,
  0x21, 0x00, 0x66, 0x8b, 0xd1, 0x66, 0x50, 0x67, 0x66, 0x0f, 0xb6, 0x0b,
  0x66, 0x8b, 0xc1, 0x66, 0x83, 0xe0, 0x0f, 0x66, 0xc1, 0xe9, 0x04, 0x66,
  0x03, 0xd9, 0x66, 0x03, 0xd8, 0x66, 0x43, 0x66, 0x58, 0xeb, 0xc4, 0x66,
  0x2b, 0xc8, 0x66, 0x2b, 0xc2, 0x66, 0x03, 0xc6, 0xc3, 0x66, 0x2b, 0xc0,
  0xc3, 0x66, 0x2b, 0xc9, 0x67, 0x8a, 0x0b, 0x80, 0xe1, 0x0f, 0x66, 0x83,
  0xf9, 0x00, 0x0f, 0x85, 0x04, 0x00, 0x66, 0x2b, 0xc9, 0xc3, 0x66, 0x53,
  0x66, 0x52, 0x66, 0x03, 0xd9, 0x67, 0x66, 0x0f, 0xbe, 0x13, 0x66, 0x49,
  0x66, 0x4b, 0x66, 0x83, 0xf9, 0x00, 0x0f, 0x84, 0x0d, 0x00, 0x66, 0xc1,
  0xe2, 0x08, 0x67, 0x8a, 0x13, 0x66, 0x4b, 0x66, 0x49, 0xeb, 0xeb, 0x66,
  0x8b, 0xca, 0x66, 0x5a, 0x66, 0x5b, 0xc3, 0x66, 0x53, 0x66, 0x52, 0x66,
  0x2b, 0xd2, 0x67, 0x8a, 0x13, 0x66, 0x83, 0xe2, 0x0f, 0x66, 0x2b, 0xc9,
  0x67, 0x8a, 0x0b, 0xc0, 0xe9, 0x04, 0x66, 0x83, 0xf9, 0x00, 0x0f, 0x85,
  0x08, 0x00, 0x66, 0x2b, 0xc9, 0x66, 0x5a, 0x66, 0x5b, 0xc3, 0x66, 0x03,
  0xda, 0x66, 0x03, 0xd9, 0x67, 0x66, 0x0f, 0xbe, 0x13, 0x66, 0x49, 0x66,
  0x4b, 0x66, 0x83, 0xf9, 0x00, 0x0f, 0x84, 0x0d, 0x00, 0x66, 0xc1, 0xe2,
  0x08, 0x67, 0x8a, 0x13, 0x66, 0x4b, 0x66, 0x49, 0xeb, 0xeb, 0x66, 0x8b,
  0xca, 0x66, 0x5a, 0x66, 0x5b, 0xc3, 0x66, 0x0b, 0xc9, 0x0f, 0x85, 0x01,
  0x00, 0xc3, 0x66, 0x51, 0x66, 0x56, 0x67, 0x83, 0x3e, 0x61, 0x0f, 0x8c,
  0x0c, 0x00, 0x67, 0x83, 0x3e, 0x7a, 0x0f, 0x8f, 0x04, 0x00, 0x67, 0x83,
  0x2e, 0x20, 0x66, 0x83, 0xc6, 0x02, 0xe2, 0xe6, 0x66, 0x5e, 0x66, 0x59,
  0xc3, 0x66, 0x50, 0x66, 0x51, 0x66, 0x8b, 0xd0, 0x66, 0xa1, 0x2e, 0x02,
  0x67, 0x66, 0x8d, 0x58, 0x10, 0x67, 0x03, 0x43, 0x04, 0x67, 0x66, 0x8d,
  0x40, 0x10, 0x66, 0x8b, 0xda, 0xe8, 0x44, 0xf9, 0x66, 0x0b, 0xc0, 0x0f,
  0x84, 0x05, 0x00, 0x66, 0x59, 0x66, 0x59, 0xc3, 0x66, 0xa1, 0x32, 0x02,
  0x66, 0x0b, 0xc0, 0x0f, 0x85, 0x08, 0x00, 0x66, 0x59, 0x66, 0x59, 0x66,
  0x33, 0xc0, 0xc3, 0x66, 0x8b, 0x16, 0x32, 0x02, 0x67, 0x66, 0x8d, 0x52,
  0x10, 0x67, 0x66, 0x8b, 0x42, 0x18, 0x66, 0x33, 0xd2, 0x66, 0xf7, 0x36,
  0x5e, 0x02, 0x66, 0x33, 0xf6, 0x66, 0x50, 0x66, 0x56, 0x66, 0x58, 0x66,
  0x5e, 0x66, 0x3b, 0xc6, 0x0f, 0x84, 0x3a, 0x00, 0x66, 0x56, 0x66, 0x40,
  0x66, 0x50, 0x66, 0x48, 0xe8, 0x1b, 0xfe, 0x72, 0xe8, 0xe8, 0xeb, 0xfd,
  0x66, 0x5a, 0x66, 0x5e, 0x66, 0x59, 0x66, 0x5b, 0x66, 0x53, 0x66, 0x51,
  0x66, 0x56, 0x66, 0x52, 0x66, 0xa1, 0x42, 0x02, 0x67, 0x66, 0x8d, 0x40,
  0x18, 0xe8, 0xd0, 0xf8, 0x66, 0x0b, 0xc0, 0x74, 0xc4, 0x66, 0x59, 0x66,
  0x59, 0x66, 0x59, 0x66, 0x59, 0xc3, 0x66, 0x59, 0x66, 0x59, 0x66, 0x33,
  0xc0, 0xc3, 0x66, 0x51, 0x66, 0x50, 0x66, 0xb8, 0x05, 0x00, 0x00, 0x00,
  0x1e, 0x07, 0x66, 0x8b, 0xf9, 0xe8, 0x8d, 0xfd, 0x66, 0x8b, 0xc1, 0x66,
  0xbb, 0x20, 0x00, 0x00, 0x00, 0x66, 0xb9, 0x00, 0x00, 0x00, 0x00, 0x66,
  0xba, 0x00, 0x00, 0x00, 0x00, 0xe8, 0x33, 0xf8, 0x66, 0x5b, 0x66, 0x59,
  0x66, 0x85, 0xc0, 0x0f, 0x85, 0x15, 0x00, 0x66, 0x8b, 0xc1, 0x66, 0x0f,
  0xb7, 0x0e, 0x0c, 0x02, 0x66, 0xba, 0x0e, 0x02, 0x00, 0x00, 0xe8, 0x16,
  0xf8, 0xeb, 0x33, 0x90, 0x66, 0x33, 0xd2, 0x66, 0x8b, 0xc1, 0x66, 0x8b,
  0xcb, 0x66, 0x50, 0x66, 0x53, 0xe8, 0x23, 0x00, 0x66, 0x5b, 0x66, 0x5f,
  0x66, 0x0b, 0xc0, 0x0f, 0x84, 0x17, 0x00, 0x1e, 0x07, 0xe8, 0x35, 0xfd,
  0x66, 0x8b, 0xc7, 0x66, 0x0f, 0xb7, 0x0e, 0x0c, 0x02, 0x66, 0xba, 0x0e,
  0x02, 0x00, 0x00, 0xe8, 0xe1, 0xf7, 0xc3, 0x66, 0x52, 0x66, 0x51, 0x66,
  0xbb, 0x20, 0x00, 0x00, 0x00, 0x66, 0xb9, 0x00, 0x00, 0x00, 0x00, 0x66,
  0xba, 0x00, 0x00, 0x00, 0x00, 0xe8, 0xc7, 0xf7, 0x66, 0x0b, 0xc0, 0x0f,
  0x84, 0x63, 0x00, 0x66, 0x8b, 0xd8, 0x1e, 0x07, 0x66, 0x8b, 0x3e, 0x16,
  0x02, 0x66, 0x33, 0xc0, 0xe8, 0x59, 0xf8, 0x1e, 0x07, 0x66, 0x8b, 0x1e,
  0x16, 0x02, 0x66, 0x59, 0x66, 0x5a, 0x26, 0x66, 0x39, 0x0f, 0x0f, 0x85,
  0x0c, 0x00, 0x26, 0x66, 0x39, 0x57, 0x08, 0x0f, 0x84, 0x31, 0x00, 0xeb,
  0x13, 0x90, 0x26, 0x66, 0x83, 0x3f, 0xff, 0x0f, 0x84, 0x2f, 0x00, 0x26,
  0x83, 0x7f, 0x04, 0x00, 0x0f, 0x84, 0x26, 0x00, 0x26, 0x66, 0x0f, 0xb7,
  0x47, 0x04, 0x03, 0xd8, 0x8b, 0xc3, 0x25, 0x00, 0x80, 0x74, 0xcb, 0x8c,
  0xc0, 0x05, 0x00, 0x08, 0x8e, 0xc0, 0x81, 0xe3, 0xff, 0x7f, 0xeb, 0xbe,
  0x26, 0x66, 0x8b, 0x47, 0x10, 0xc3, 0x66, 0x59, 0x66, 0x5a, 0x66, 0x33,
  0xc0, 0xc3, 0xa0, 0xf9, 0x01, 0xe9, 0xf4, 0xf3, 0xa0, 0xfa, 0x01, 0xe9,
  0xee, 0xf3, 0x00, 0x00, 0x00, 0x00, 0x00, 0x00, 0x00, 0x00, 0x00, 0x00,
  0x00, 0x00, 0x00, 0x00, 0x00, 0x00, 0x00, 0x00, 0x00, 0x00, 0x00, 0x00,
  0x00, 0x00, 0x00, 0x00, 0x00, 0x00, 0x00, 0x00, 0x00, 0x00, 0x00, 0x00,
  0x00, 0x00, 0x00, 0x00, 0x00, 0x00, 0x00, 0x00, 0x00, 0x00, 0x00, 0x00,
  0x00, 0x00, 0x00, 0x00, 0x00, 0x00, 0x00, 0x00, 0x00, 0x00, 0x00, 0x00,
  0x00, 0x00, 0x00, 0x00, 0x00, 0x00, 0x00, 0x00, 0x00, 0x00, 0x00, 0x00,
  0x00, 0x00, 0x00, 0x00, 0x00, 0x00, 0x00, 0x00, 0x00, 0x00, 0x00, 0x00,
  0x00, 0x00, 0x00, 0x00, 0x00, 0x00, 0x00, 0x00, 0x00, 0x00, 0x00, 0x00,
  0x00, 0x00, 0x00, 0x00, 0x00, 0x00, 0x00, 0x00, 0x00, 0x00, 0x00, 0x00,
  0x00, 0x00, 0x00, 0x00, 0x00, 0x00, 0x00, 0x00, 0x00, 0x00, 0x00, 0x00,
  0x00, 0x00, 0x00, 0x00, 0x00, 0x00, 0x00, 0x00, 0x00, 0x00, 0x00, 0x00,
  0x00, 0x00, 0x00, 0x00, 0x00, 0x00, 0x00, 0x00
};

static unsigned char bootmgr_pbr[] = {
  0xeb, 0x3c, 0x90, 0x00, 0x00, 0x00, 0x00, 0x00, 0x00, 0x00, 0x00, 0x00,
  0x00, 0x00, 0x00, 0x00, 0x00, 0x00, 0x00, 0x00, 0x00, 0x00, 0x00, 0x00,
  0x00, 0x00, 0x00, 0x00, 0x00, 0x00, 0x00, 0x00, 0x00, 0x00, 0x00, 0x00,
  0x00, 0x00, 0x00, 0x00, 0x00, 0x00, 0x00, 0x00, 0x00, 0x00, 0x00, 0x00,
  0x00, 0x00, 0x00, 0x00, 0x00, 0x00, 0x46, 0x41, 0x54, 0x31, 0x32, 0x2f,
  0x31, 0x36, 0x33, 0xc9, 0x8e, 0xd1, 0xbc, 0xf0, 0x7b, 0x8e, 0xd9, 0xb8,
  0x00, 0x20, 0x8e, 0xc0, 0xfc, 0xbd, 0x00, 0x7c, 0x38, 0x4e, 0x24, 0x7d,
  0x24, 0x8b, 0xc1, 0x99, 0xe8, 0x3c, 0x01, 0x72, 0x1c, 0x83, 0xeb, 0x3a,
  0x66, 0xa1, 0x1c, 0x7c, 0x26, 0x66, 0x3b, 0x07, 0x26, 0x8a, 0x57, 0xfc,
  0x75, 0x06, 0x80, 0xca, 0x02, 0x88, 0x56, 0x02, 0x80, 0xc3, 0x10, 0x73,
  0xeb, 0x33, 0xc9, 0x8a, 0x46, 0x10, 0x98, 0xf7, 0x66, 0x16, 0x03, 0x46,
  0x1c, 0x13, 0x56, 0x1e, 0x03, 0x46, 0x0e, 0x13, 0xd1, 0x8b, 0x76, 0x11,
  0x60, 0x89, 0x46, 0xfc, 0x89, 0x56, 0xfe, 0xb8, 0x20, 0x00, 0xf7, 0xe6,
  0x8b, 0x5e, 0x0b, 0x03, 0xc3, 0x48, 0xf7, 0xf3, 0x01, 0x46, 0xfc, 0x11,
  0x4e, 0xfe, 0x61, 0xbf, 0x00, 0x00, 0xe8, 0xe6, 0x00, 0x72, 0x39, 0x26,
  0x38, 0x2d, 0x74, 0x17, 0x60, 0xb1, 0x0b, 0xbe, 0xa1, 0x7d, 0xf3, 0xa6,
  0x61, 0x74, 0x32, 0x4e, 0x74, 0x09, 0x83, 0xc7, 0x20, 0x3b, 0xfb, 0x72,
  0xe6, 0xeb, 0xdc, 0xa0, 0xfb, 0x7d, 0xb4, 0x7d, 0x8b, 0xf0, 0xac, 0x98,
  0x40, 0x74, 0x0c, 0x48, 0x74, 0x13, 0xb4, 0x0e, 0xbb, 0x07, 0x00, 0xcd,
  0x10, 0xeb, 0xef, 0xa0, 0xfd, 0x7d, 0xeb, 0xe6, 0xa0, 0xfc, 0x7d, 0xeb,
  0xe1, 0xcd, 0x16, 0xcd, 0x19, 0x26, 0x8b, 0x55, 0x1a, 0x52, 0xb0, 0x01,
  0xbb, 0x00, 0x00, 0xe8, 0x3b, 0x00, 0x72, 0xe8, 0x5b, 0x8a, 0x56, 0x24,
  0xbe, 0x0b, 0x7c, 0x8b, 0xfc, 0xc7, 0x46, 0xf0, 0x3d, 0x7d, 0xc7, 0x46,
  0xf4, 0x29, 0x7d, 0x8c, 0xd9, 0x89, 0x4e, 0xf2, 0x89, 0x4e, 0xf6, 0xc6,
  0x06, 0x96, 0x7d, 0xcb, 0xea, 0x03, 0x00, 0x00, 0x20, 0x0f, 0xb6, 0xc8,
  0x66, 0x8b, 0x46, 0xf8, 0x66, 0x03, 0x46, 0x1c, 0x66, 0x8b, 0xd0, 0x66,
  0xc1, 0xea, 0x10, 0xeb, 0x5e, 0x0f, 0xb6, 0xc8, 0x4a, 0x4a, 0x8a, 0x46,
  0x0d, 0x32, 0xe4, 0xf7, 0xe2, 0x03, 0x46, 0xfc, 0x13, 0x56, 0xfe, 0xeb,
  0x4a, 0x52, 0x50, 0x06, 0x53, 0x6a, 0x01, 0x6a, 0x10, 0x91, 0x8b, 0x46,
  0x18, 0x96, 0x92, 0x33, 0xd2, 0xf7, 0xf6, 0x91, 0xf7, 0xf6, 0x42, 0x87,
  0xca, 0xf7, 0x76, 0x1a, 0x8a, 0xf2, 0x8a, 0xe8, 0xc0, 0xcc, 0x02, 0x0a,
  0xcc, 0xb8, 0x01, 0x02, 0x80, 0x7e, 0x02, 0x0e, 0x75, 0x04, 0xb4, 0x42,
  0x8b, 0xf4, 0x8a, 0x56, 0x24, 0xcd, 0x13, 0x61, 0x61, 0x72, 0x0b, 0x40,
  0x75, 0x01, 0x42, 0x03, 0x5e, 0x0b, 0x49, 0x75, 0x06, 0xf8, 0xc3, 0x41,
  0xbb, 0x00, 0x00, 0x60, 0x66, 0x6a, 0x00, 0xeb, 0xb0, 0x42, 0x4f, 0x4f,
  0x54, 0x4d, 0x47, 0x52, 0x20, 0x20, 0x20, 0x20, 0x0d, 0x0a, 0x42, 0x4f,
  0x4f, 0x54, 0x4d, 0x47, 0x52, 0x20, 0x69, 0x73, 0x20, 0x6d, 0x69, 0x73,
  0x73, 0x69, 0x6e, 0x67, 0xff, 0x0d, 0x0a, 0x44, 0x69, 0x73, 0x6b, 0x20,
  0x65, 0x72, 0x72, 0x6f, 0x72, 0xff, 0x0d, 0x0a, 0x50, 0x72, 0x65, 0x73,
  0x73, 0x20, 0x61, 0x6e, 0x79, 0x20, 0x6b, 0x65, 0x79, 0x20, 0x74, 0x6f,
  0x20, 0x72, 0x65, 0x73, 0x74, 0x61, 0x72, 0x74, 0x0d, 0x0a, 0x00, 0x00,
  0x00, 0x00, 0x00, 0x00, 0x00, 0x00, 0x00, 0x00, 0x00, 0x00, 0x00, 0x00,
  0x00, 0x00, 0x00, 0xac, 0xc1, 0xce, 0x55, 0xaa, 0xeb, 0x58, 0x90, 0x00,
  0x00, 0x00, 0x00, 0x00, 0x00, 0x00, 0x00, 0x00, 0x00, 0x00, 0x00, 0x00,
  0x00, 0x00, 0x00, 0x00, 0x00, 0x00, 0x00, 0x00, 0x00, 0x00, 0x00, 0x00,
  0x00, 0x00, 0x00, 0x00, 0x00, 0x00, 0x00, 0x00, 0x00, 0x00, 0x00, 0x00,
  0x00, 0x00, 0x00, 0x00, 0x00, 0x00, 0x00, 0x00, 0x00, 0x00, 0x00, 0x00,
  0x00, 0x00, 0x00, 0x00, 0x00, 0x00, 0x00, 0x00, 0x00, 0x00, 0x00, 0x00,
  0x00, 0x00, 0x00, 0x00, 0x00, 0x00, 0x00, 0x00, 0x00, 0x00, 0x00, 0x00,
  0x00, 0x00, 0x00, 0x00, 0x00, 0x00, 0x46, 0x41, 0x54, 0x33, 0x32, 0x20,
  0x20, 0x20, 0x33, 0xc9, 0x8e, 0xd1, 0xbc, 0xf4, 0x7b, 0x8e, 0xc1, 0x8e,
  0xd9, 0xbd, 0x00, 0x7c, 0x88, 0x56, 0x40, 0x88, 0x4e, 0x02, 0x8a, 0x56,
  0x40, 0xb4, 0x41, 0xbb, 0xaa, 0x55, 0xcd, 0x13, 0x72, 0x10, 0x81, 0xfb,
  0x55, 0xaa, 0x75, 0x0a, 0xf6, 0xc1, 0x01, 0x74, 0x05, 0xfe, 0x46, 0x02,
  0xeb, 0x2d, 0x8a, 0x56, 0x40, 0xb4, 0x08, 0xcd, 0x13, 0x73, 0x05, 0xb9,
  0xff, 0xff, 0x8a, 0xf1, 0x66, 0x0f, 0xb6, 0xc6, 0x40, 0x66, 0x0f, 0xb6,
  0xd1, 0x80, 0xe2, 0x3f, 0xf7, 0xe2, 0x86, 0xcd, 0xc0, 0xed, 0x06, 0x41,
  0x66, 0x0f, 0xb7, 0xc9, 0x66, 0xf7, 0xe1, 0x66, 0x89, 0x46, 0xf8, 0x83,
  0x7e, 0x16, 0x00, 0x75, 0x39, 0x83, 0x7e, 0x2a, 0x00, 0x77, 0x33, 0x66,
  0x8b, 0x46, 0x1c, 0x66, 0x83, 0xc0, 0x0c, 0xbb, 0x00, 0x80, 0xb9, 0x01,
  0x00, 0xe8, 0x2c, 0x00, 0xe9, 0xa8, 0x03, 0xa1, 0xf8, 0x7d, 0x80, 0xc4,
  0x7c, 0x8b, 0xf0, 0xac, 0x84, 0xc0, 0x74, 0x17, 0x3c, 0xff, 0x74, 0x09,
  0xb4, 0x0e, 0xbb, 0x07, 0x00, 0xcd, 0x10, 0xeb, 0xee, 0xa1, 0xfa, 0x7d,
  0xeb, 0xe4, 0xa1, 0x7d, 0x80, 0xeb, 0xdf, 0x98, 0xcd, 0x16, 0xcd, 0x19,
  0x66, 0x60, 0x80, 0x7e, 0x02, 0x00, 0x0f, 0x84, 0x20, 0x00, 0x66, 0x6a,
  0x00, 0x66, 0x50, 0x06, 0x53, 0x66, 0x68, 0x10, 0x00, 0x01, 0x00, 0xb4,
  0x42, 0x8a, 0x56, 0x40, 0x8b, 0xf4, 0xcd, 0x13, 0x66, 0x58, 0x66, 0x58,
  0x66, 0x58, 0x66, 0x58, 0xeb, 0x33, 0x66, 0x3b, 0x46, 0xf8, 0x72, 0x03,
  0xf9, 0xeb, 0x2a, 0x66, 0x33, 0xd2, 0x66, 0x0f, 0xb7, 0x4e, 0x18, 0x66,
  0xf7, 0xf1, 0xfe, 0xc2, 0x8a, 0xca, 0x66, 0x8b, 0xd0, 0x66, 0xc1, 0xea,
  0x10, 0xf7, 0x76, 0x1a, 0x86, 0xd6, 0x8a, 0x56, 0x40, 0x8a, 0xe8, 0xc0,
  0xe4, 0x06, 0x0a, 0xcc, 0xb8, 0x01, 0x02, 0xcd, 0x13, 0x66, 0x61, 0x0f,
  0x82, 0x74, 0xff, 0x81, 0xc3, 0x00, 0x02, 0x66, 0x40, 0x49, 0x75, 0x94,
  0xc3, 0x42, 0x4f, 0x4f, 0x54, 0x4d, 0x47, 0x52, 0x20, 0x20, 0x20, 0x20,
  0x00, 0x00, 0x00, 0x00, 0x00, 0x00, 0x00, 0x00, 0x00, 0x00, 0x00, 0x00,
  0x00, 0x00, 0x00, 0x00, 0x00, 0x00, 0x00, 0x00, 0x00, 0x00, 0x00, 0x00,
  0x00, 0x00, 0x00, 0x00, 0x00, 0x00, 0x00, 0x00, 0x00, 0x00, 0x00, 0x00,
  0x00, 0x00, 0x00, 0x00, 0x00, 0x00, 0x00, 0x00, 0x00, 0x00, 0x00, 0x00,
  0x00, 0x00, 0x00, 0x00, 0x0d, 0x0a, 0x44, 0x69, 0x73, 0x6b, 0x20, 0x65,
  0x72, 0x72, 0x6f, 0x72, 0xff, 0x0d, 0x0a, 0x50, 0x72, 0x65, 0x73, 0x73,
  0x20, 0x61, 0x6e, 0x79, 0x20, 0x6b, 0x65, 0x79, 0x20, 0x74, 0x6f, 0x20,
  0x72, 0x65, 0x73, 0x74, 0x61, 0x72, 0x74, 0x0d, 0x0a, 0x00, 0x00, 0x00,
  0x00, 0x00, 0x00, 0x00, 0x00, 0x00, 0x00, 0x00, 0x00, 0x00, 0x00, 0x00,
  0x00, 0x00, 0x00, 0x00, 0x00, 0x00, 0x00, 0x00, 0x00, 0x00, 0x00, 0x00,
  0x00, 0x00, 0x00, 0x00, 0x00, 0x00, 0x00, 0x00, 0xac, 0x01, 0xb9, 0x01,
  0x00, 0x00, 0x55, 0xaa, 0x52, 0x52, 0x61, 0x41, 0x00, 0x00, 0x00, 0x00,
  0x00, 0x00, 0x00, 0x00, 0x00, 0x00, 0x00, 0x00, 0x00, 0x00, 0x00, 0x00,
  0x00, 0x00, 0x00, 0x00, 0x00, 0x00, 0x00, 0x00, 0x00, 0x00, 0x00, 0x00,
  0x00, 0x00, 0x00, 0x00, 0x00, 0x00, 0x00, 0x00, 0x00, 0x00, 0x00, 0x00,
  0x00, 0x00, 0x00, 0x00, 0x00, 0x00, 0x00, 0x00, 0x00, 0x00, 0x00, 0x00,
  0x00, 0x00, 0x00, 0x00, 0x00, 0x00, 0x00, 0x00, 0x00, 0x00, 0x00, 0x00,
  0x00, 0x00, 0x00, 0x00, 0x00, 0x00, 0x00, 0x00, 0x00, 0x00, 0x00, 0x00,
  0x00, 0x00, 0x00, 0x00, 0x00, 0x00, 0x00, 0x00, 0x00, 0x00, 0x00, 0x00,
  0x00, 0x00, 0x00, 0x00, 0x00, 0x00, 0x00, 0x00, 0x00, 0x00, 0x00, 0x00,
  0x00, 0x00, 0x00, 0x00, 0x00, 0x00, 0x00, 0x00, 0x00, 0x00, 0x00, 0x00,
  0x00, 0x00, 0x00, 0x00, 0x00, 0x00, 0x00, 0x00, 0x00, 0x00, 0x00, 0x00,
  0x00, 0x00, 0x00, 0x00, 0x00, 0x00, 0x00, 0x00, 0x00, 0x00, 0x00, 0x00,
  0x00, 0x00, 0x00, 0x00, 0x00, 0x00, 0x00, 0x00, 0x00, 0x00, 0x00, 0x00,
  0x00, 0x00, 0x00, 0x00, 0x00, 0x00, 0x00, 0x00, 0x00, 0x00, 0x00, 0x00,
  0x00, 0x00, 0x00, 0x00, 0x00, 0x00, 0x00, 0x00, 0x00, 0x00, 0x00, 0x00,
  0x00, 0x00, 0x00, 0x00, 0x00, 0x00, 0x00, 0x00, 0x00, 0x00, 0x00, 0x00,
  0x00, 0x00, 0x00, 0x00, 0x00, 0x00, 0x00, 0x00, 0x00, 0x00, 0x00, 0x00,
  0x00, 0x00, 0x00, 0x00, 0x00, 0x00, 0x00, 0x00, 0x00, 0x00, 0x00, 0x00,
  0x00, 0x00, 0x00, 0x00, 0x00, 0x00, 0x00, 0x00, 0x00, 0x00, 0x00, 0x00,
  0x00, 0x00, 0x00, 0x00, 0x00, 0x00, 0x00, 0x00, 0x00, 0x00, 0x00, 0x00,
  0x00, 0x00, 0x00, 0x00, 0x00, 0x00, 0x00, 0x00, 0x00, 0x00, 0x00, 0x00,
  0x00, 0x00, 0x00, 0x00, 0x00, 0x00, 0x00, 0x00, 0x00, 0x00, 0x00, 0x00,
  0x00, 0x00, 0x00, 0x00, 0x00, 0x00, 0x00, 0x00, 0x00, 0x00, 0x00, 0x00,
  0x00, 0x00, 0x00, 0x00, 0x00, 0x00, 0x00, 0x00, 0x00, 0x00, 0x00, 0x00,
  0x00, 0x00, 0x00, 0x00, 0x00, 0x00, 0x00, 0x00, 0x00, 0x00, 0x00, 0x00,
  0x00, 0x00, 0x00, 0x00, 0x00, 0x00, 0x00, 0x00, 0x00, 0x00, 0x00, 0x00,
  0x00, 0x00, 0x00, 0x00, 0x00, 0x00, 0x00, 0x00, 0x00, 0x00, 0x00, 0x00,
  0x00, 0x00, 0x00, 0x00, 0x00, 0x00, 0x00, 0x00, 0x00, 0x00, 0x00, 0x00,
  0x00, 0x00, 0x00, 0x00, 0x00, 0x00, 0x00, 0x00, 0x00, 0x00, 0x00, 0x00,
  0x00, 0x00, 0x00, 0x00, 0x00, 0x00, 0x00, 0x00, 0x00, 0x00, 0x00, 0x00,
  0x00, 0x00, 0x00, 0x00, 0x00, 0x00, 0x00, 0x00, 0x00, 0x00, 0x00, 0x00,
  0x00, 0x00, 0x00, 0x00, 0x00, 0x00, 0x00, 0x00, 0x00, 0x00, 0x00, 0x00,
  0x00, 0x00, 0x00, 0x00, 0x00, 0x00, 0x00, 0x00, 0x00, 0x00, 0x00, 0x00,
  0x00, 0x00, 0x00, 0x00, 0x00, 0x00, 0x00, 0x00, 0x00, 0x00, 0x00, 0x00,
  0x00, 0x00, 0x00, 0x00, 0x00, 0x00, 0x00, 0x00, 0x00, 0x00, 0x00, 0x00,
  0x00, 0x00, 0x00, 0x00, 0x00, 0x00, 0x00, 0x00, 0x00, 0x00, 0x00, 0x00,
  0x00, 0x00, 0x00, 0x00, 0x00, 0x00, 0x00, 0x00, 0x00, 0x00, 0x00, 0x00,
  0x00, 0x00, 0x00, 0x00, 0x00, 0x00, 0x00, 0x00, 0x00, 0x00, 0x00, 0x00,
  0x00, 0x00, 0x00, 0x00, 0x00, 0x00, 0x00, 0x00, 0x00, 0x00, 0x00, 0x00,
  0x00, 0x00, 0x00, 0x00, 0x00, 0x00, 0x00, 0x00, 0x00, 0x00, 0x00, 0x00,
  0x00, 0x00, 0x00, 0x00, 0x00, 0x00, 0x00, 0x00, 0x72, 0x72, 0x41, 0x61,
  0x7b, 0xf7, 0x0e, 0x00, 0x04, 0x00, 0x00, 0x00, 0x00, 0x00, 0x00, 0x00,
  0x00, 0x00, 0x00, 0x00, 0x00, 0x00, 0x00, 0x00, 0x00, 0x00, 0x55, 0xaa,
  0xeb, 0x76, 0x90, 0x45, 0x58, 0x46, 0x41, 0x54, 0x20, 0x20, 0x20, 0x00,
  0x00, 0x00, 0x00, 0x00, 0x00, 0x00, 0x00, 0x00, 0x00, 0x00, 0x00, 0x00,
  0x00, 0x00, 0x00, 0x00, 0x00, 0x00, 0x00, 0x00, 0x00, 0x00, 0x00, 0x00,
  0x00, 0x00, 0x00, 0x00, 0x00, 0x00, 0x00, 0x00, 0x00, 0x00, 0x00, 0x00,
  0x00, 0x00, 0x00, 0x00, 0x00, 0x00, 0x00, 0x00, 0x00, 0x00, 0x00, 0x00,
  0x00, 0x00, 0x00, 0x00, 0x00, 0x00, 0x00, 0x00, 0x00, 0x00, 0x00, 0x00,
  0x00, 0x00, 0x00, 0x00, 0x00, 0x00, 0x00, 0x00, 0x00, 0x00, 0x00, 0x00,
  0x00, 0x00, 0x00, 0x00, 0x00, 0x00, 0x00, 0x00, 0x00, 0x00, 0x00, 0x00,
  0x00, 0x00, 0x00, 0x00, 0x00, 0x00, 0x00, 0x00, 0x00, 0x00, 0x00, 0x00,
  0x00, 0x00, 0x00, 0x00, 0x00, 0x00, 0x00, 0x00, 0x00, 0x00, 0x00, 0x00,
  0x33, 0xc9, 0x8e, 0xd1, 0x8e, 0xc1, 0x8e, 0xd9, 0xbc, 0xd0, 0x7b, 0xbd,
  0x00, 0x7c, 0x88, 0x16, 0x6f, 0x7c, 0xb4, 0x41, 0xbb, 0xaa, 0x55, 0xcd,
  0x13, 0x72, 0x69, 0x81, 0xfb, 0x55, 0xaa, 0x75, 0x63, 0xf6, 0xc1, 0x01,
  0x74, 0x5e, 0xfe, 0x06, 0x02, 0x7c, 0x66, 0x50, 0xb0, 0x65, 0xe8, 0xa6,
  0x00, 0x66, 0x58, 0x66, 0xb8, 0x01, 0x00, 0x00, 0x00, 0x8a, 0x0e, 0x6d,
  0x7c, 0x66, 0xd3, 0xe0, 0x66, 0x89, 0x46, 0xe8, 0x66, 0xb8, 0x01, 0x00,
  0x00, 0x00, 0x8a, 0x0e, 0x6c, 0x7c, 0x66, 0xd3, 0xe0, 0x66, 0x89, 0x46,
  0xd8, 0x66, 0xa1, 0x40, 0x7c, 0x66, 0x40, 0xbb, 0x00, 0x7e, 0xb9, 0x01,
  0x00, 0x66, 0x50, 0xe8, 0x41, 0x00, 0x66, 0x58, 0x66, 0x40, 0xbb, 0x00,
  0x80, 0xb9, 0x01, 0x00, 0xe8, 0x34, 0x00, 0x66, 0x50, 0xb0, 0x78, 0xe8,
  0x5d, 0x00, 0x66, 0x58, 0xe9, 0x09, 0x01, 0xa0, 0xfc, 0x7d, 0xeb, 0x05,
  0xa0, 0xfb, 0x7d, 0xeb, 0x00, 0xb4, 0x7d, 0x8b, 0xf0, 0xac, 0x98, 0x40,
  0x74, 0x0c, 0x48, 0x74, 0x0e, 0xb4, 0x0e, 0xbb, 0x07, 0x00, 0xcd, 0x10,
  0xeb, 0xef, 0xa0, 0xfd, 0x7d, 0xeb, 0xe6, 0xcd, 0x16, 0xcd, 0x19, 0x66,
  0x60, 0x66, 0x6a, 0x00, 0x66, 0x50, 0x06, 0x53, 0x66, 0x68, 0x10, 0x00,
  0x01, 0x00, 0xb4, 0x42, 0xb2, 0x80, 0x8a, 0x16, 0x6f, 0x7c, 0x8b, 0xf4,
  0xcd, 0x13, 0x66, 0x58, 0x66, 0x58, 0x66, 0x58, 0x66, 0x58, 0x66, 0x61,
  0x72, 0xb1, 0x03, 0x5e, 0xd8, 0x66, 0x40, 0x49, 0x75, 0xd1, 0xc3, 0x66,
  0x60, 0xb4, 0x0e, 0xbb, 0x07, 0x00, 0xb9, 0x01, 0x00, 0xcd, 0x10, 0x66,
  0x61, 0xc3, 0x42, 0x00, 0x4f, 0x00, 0x4f, 0x00, 0x54, 0x00, 0x4d, 0x00,
  0x47, 0x00, 0x52, 0x00, 0x0d, 0x0a, 0x52, 0x65, 0x6d, 0x6f, 0x76, 0x65,
  0x20, 0x64, 0x69, 0x73, 0x6b, 0x73, 0x20, 0x6f, 0x72, 0x20, 0x6f, 0x74,
  0x68, 0x65, 0x72, 0x20, 0x6d, 0x65, 0x64, 0x69, 0x61, 0x2e, 0xff, 0x0d,
  0x0a, 0x44, 0x69, 0x73, 0x6b, 0x20, 0x65, 0x72, 0x72, 0x6f, 0x72, 0xff,
  0x0d, 0x0a, 0x50, 0x72, 0x65, 0x73, 0x73, 0x20, 0x61, 0x6e, 0x79, 0x20,
  0x6b, 0x65, 0x79, 0x20, 0x74, 0x6f, 0x20, 0x72, 0x65, 0x73, 0x74, 0x61,
  0x72, 0x74, 0x0d, 0x0a, 0x00, 0x00, 0x00, 0x00, 0x00, 0x00, 0x00, 0x00,
  0x00, 0x00, 0xff, 0xff, 0xff, 0xff, 0xff, 0xff, 0xff, 0xff, 0xff, 0xff,
  0xff, 0xff, 0xff, 0xff, 0xff, 0xff, 0xff, 0xff, 0xff, 0xff, 0xff, 0xff,
  0xff, 0xff, 0xff, 0xff, 0xff, 0xff, 0xff, 0xff, 0xff, 0xff, 0xff, 0xff,
  0xff, 0xff, 0xff, 0xff, 0xff, 0xff, 0xff, 0xff, 0xff, 0xff, 0xff, 0xff,
  0xff, 0xff, 0xff, 0xff, 0xff, 0xff, 0xff, 0xff, 0xff, 0xff, 0xff, 0xff,
  0xff, 0xff, 0xff, 0x6c, 0x8b, 0x98, 0x55, 0xaa, 0x66, 0x50, 0xb0, 0x46,
  0xe8, 0x48, 0xff, 0x66, 0x58, 0x66, 0xa1, 0x40, 0x7c, 0x66, 0x03, 0x06,
  0x58, 0x7c, 0x66, 0x89, 0x46, 0xfc, 0x66, 0xc7, 0x46, 0xf8, 0xff, 0xff,
  0xff, 0xff, 0x66, 0xa1, 0x60, 0x7c, 0x66, 0x83, 0xf8, 0x02, 0x0f, 0x82,
  0xd2, 0xfe, 0x66, 0x3d, 0xf8, 0xff, 0xff, 0x0f, 0x0f, 0x83, 0xc8, 0xfe,
  0xc6, 0x46, 0xef, 0x01, 0x66, 0x50, 0x66, 0x83, 0xe8, 0x02, 0x66, 0x8b,
  0x5e, 0xe8, 0x66, 0x8b, 0xcb, 0x66, 0x8b, 0xf3, 0x66, 0xf7, 0xe3, 0x66,
  0x03, 0x46, 0xfc, 0x66, 0x50, 0x66, 0xbb, 0x00, 0x82, 0x00, 0x00, 0x66,
  0x8b, 0xfb, 0x66, 0xb9, 0x01, 0x00, 0x00, 0x00, 0xe8, 0xbc, 0xfe, 0x80,
  0x3d, 0x00, 0x0f, 0x84, 0x0d, 0x01, 0x80, 0x7e, 0xef, 0x01, 0x0f, 0x84,
  0x13, 0x00, 0x80, 0x7e, 0xef, 0x02, 0x0f, 0x84, 0x23, 0x00, 0x80, 0x7e,
  0xef, 0x03, 0x0f, 0x84, 0x8b, 0x00, 0xe9, 0xf2, 0x00, 0x80, 0x3d, 0x85,
  0x0f, 0x85, 0xc0, 0x00, 0x8b, 0x45, 0x04, 0x25, 0x10, 0x00, 0x0f, 0x85,
  0xb6, 0x00, 0xc6, 0x46, 0xef, 0x02, 0xe9, 0xaf, 0x00, 0x80, 0x3d, 0xc0,
  0x0f, 0x85, 0xa4, 0x00, 0x66, 0x8b, 0x45, 0x14, 0x66, 0x89, 0x46, 0xf0,
  0x66, 0x53, 0x66, 0x8b, 0x45, 0x18, 0x66, 0x8b, 0x5e, 0xd8, 0x66, 0x4b,
  0x66, 0x03, 0xc3, 0x66, 0xf7, 0xd3, 0x66, 0x23, 0xc3, 0x66, 0x89, 0x46,
  0xe4, 0x66, 0x5b, 0x66, 0xc7, 0x46, 0xe0, 0x00, 0x00, 0x00, 0x00, 0x8a,
  0x45, 0x01, 0x88, 0x46, 0xdc, 0x24, 0x02, 0x0f, 0x84, 0x25, 0x00, 0x66,
  0xb8, 0x01, 0x00, 0x00, 0x00, 0x8a, 0x0e, 0x6d, 0x7c, 0x02, 0x0e, 0x6c,
  0x7c, 0x66, 0xd3, 0xe0, 0x66, 0x48, 0x66, 0x53, 0x66, 0x8b, 0x5d, 0x18,
  0x66, 0x03, 0xc3, 0x66, 0x5b, 0x66, 0xd3, 0xe8, 0x66, 0x89, 0x46, 0xe0,
  0x8a, 0x45, 0x03, 0x3c, 0x07, 0x75, 0x41, 0xc6, 0x46, 0xef, 0x03, 0xeb,
  0x3f, 0x80, 0x3d, 0xc1, 0x75, 0x36, 0x66, 0x50, 0x66, 0x53, 0x66, 0x57,
  0x83, 0xc7, 0x02, 0xbb, 0x07, 0x00, 0x8b, 0x05, 0x25, 0xdf, 0xff, 0x89,
  0x05, 0x83, 0xc7, 0x02, 0x4b, 0x75, 0xf3, 0x66, 0x5f, 0x66, 0x5b, 0x66,
  0x58, 0x66, 0x57, 0x83, 0xc7, 0x02, 0xb9, 0x07, 0x00, 0x66, 0x56, 0xbe,
  0x5e, 0x7d, 0xf3, 0xa7, 0x66, 0x5e, 0x66, 0x5f, 0x0f, 0x84, 0xb8, 0x00,
  0xc6, 0x46, 0xef, 0x01, 0x66, 0x83, 0xc7, 0x20, 0x66, 0x3b, 0xfb, 0x0f,
  0x82, 0x0c, 0xff, 0x66, 0x58, 0x66, 0x40, 0x4e, 0x0f, 0x85, 0xef, 0xfe,
  0x66, 0x58, 0x66, 0x52, 0x66, 0x53, 0x66, 0x33, 0xd2, 0x66, 0x33, 0xdb,
  0xe8, 0x3d, 0x01, 0x66, 0x5b, 0x66, 0x5a, 0x0f, 0x82, 0xc1, 0xfe, 0x83,
  0xc4, 0x04, 0xe9, 0x7f, 0xfd, 0x00, 0x20, 0x00, 0x00, 0x00, 0x00, 0x00,
  0x00, 0x00, 0x00, 0x00, 0x00, 0x00, 0x00, 0x00, 0x00, 0x00, 0x00, 0x00,
  0x00, 0x00, 0x00, 0x00, 0x00, 0x00, 0x00, 0x00, 0x00, 0x00, 0x00, 0x00,
  0x00, 0x00, 0x00, 0x00, 0x00, 0x00, 0x00, 0x00, 0x00, 0x00, 0x00, 0x00,
  0x00, 0x00, 0x00, 0x00, 0x00, 0x00, 0x00, 0x00, 0x00, 0x00, 0x00, 0x00,
  0x00, 0x00, 0x00, 0x00, 0x00, 0x00, 0x00, 0x00, 0x00, 0x00, 0x00, 0x00,
  0x00, 0x00, 0x00, 0x00, 0x00, 0x00, 0x00, 0x00, 0x00, 0x00, 0x00, 0x00,
  0x00, 0x00, 0x00, 0x00, 0x00, 0x00, 0x00, 0x00, 0x00, 0x00, 0x00, 0x00,
  0x00, 0x00, 0x00, 0x00, 0x00, 0x00, 0x00, 0x00, 0x00, 0x00, 0x00, 0x00,
  0x00, 0x00, 0x00, 0x00, 0x00, 0x00, 0x00, 0x00, 0x00, 0x00, 0x00, 0x00,
  0x00, 0x00, 0x00, 0x00, 0x00, 0x00, 0x00, 0x00, 0x00, 0x00, 0x00, 0x00,
  0x00, 0x00, 0x55, 0xaa, 0x66, 0x50, 0xb0, 0x41, 0xe8, 0x48, 0xfd, 0x66,
  0x58, 0x83, 0xc4, 0x04, 0x8b, 0x76, 0xf2, 0x8b, 0x7e, 0xf0, 0x8b, 0xc6,
  0x66, 0xc1, 0xe0, 0x10, 0x8b, 0xc7, 0x66, 0x83, 0xf8, 0x02, 0x0f, 0x82,
  0xda, 0xfc, 0x66, 0x83, 0xf8, 0xf8, 0x0f, 0x83, 0xd2, 0xfc, 0x66, 0x50,
  0x66, 0x83, 0xe8, 0x02, 0x66, 0x8b, 0x4e, 0xe8, 0x66, 0xf7, 0xe1, 0x66,
  0x03, 0x46, 0xfc, 0x66, 0x51, 0x66, 0xb9, 0x01, 0x00, 0x00, 0x00, 0xbb,
  0x00, 0x00, 0x06, 0x8e, 0x06, 0x7d, 0x7f, 0xe8, 0xd1, 0xfc, 0x07, 0xc1,
  0xeb, 0x04, 0x01, 0x1e, 0x7d, 0x7f, 0x66, 0x8b, 0x4e, 0xe4, 0x66, 0x2b,
  0x4e, 0xd8, 0x66, 0x89, 0x4e, 0xe4, 0x66, 0x83, 0xf9, 0x00, 0x0f, 0x84,
  0x24, 0x00, 0x66, 0x59, 0x66, 0x49, 0x75, 0xcb, 0x66, 0x58, 0x66, 0x53,
  0x66, 0x52, 0x8a, 0x5e, 0xdc, 0x66, 0x8b, 0x56, 0xe0, 0xe8, 0x2c, 0x00,
  0x66, 0x89, 0x56, 0xe0, 0x66, 0x5a, 0x66, 0x5b, 0x0f, 0x83, 0x02, 0x00,
  0xeb, 0x9c, 0x50, 0xb0, 0x54, 0xe8, 0xbb, 0xfc, 0x58, 0x8b, 0x46, 0xd8,
  0xa3, 0x0b, 0x7c, 0x66, 0xa1, 0x40, 0x7c, 0x66, 0xa3, 0x1c, 0x7c, 0x8a,
  0x16, 0x6f, 0x7c, 0xea, 0x00, 0x00, 0x00, 0x20, 0xf6, 0xc3, 0x02, 0x0f,
  0x85, 0x0c, 0x00, 0xe8, 0x23, 0x00, 0x26, 0x66, 0x8b, 0x01, 0x66, 0x83,
  0xf8, 0xf8, 0xc3, 0x66, 0x83, 0xfa, 0x00, 0x0f, 0x84, 0x06, 0x00, 0x66,
  0x40, 0x66, 0x4a, 0xf9, 0xc3, 0x66, 0xb8, 0xf8, 0xff, 0xff, 0xff, 0x66,
  0x83, 0xf8, 0xf8, 0xf8, 0xc3, 0x66, 0x52, 0xbf, 0x00, 0x82, 0x66, 0x33,
  0xd2, 0x66, 0x53, 0x66, 0x8b, 0x5e, 0xd8, 0x66, 0xc1, 0xeb, 0x02, 0x66,
  0xf7, 0xf3, 0x66, 0x5b, 0x66, 0x3b, 0x46, 0xf8, 0x74, 0x41, 0x66, 0x89,
  0x46, 0xf8, 0x66, 0x03, 0x06, 0x40, 0x7c, 0x66, 0x03, 0x06, 0x50, 0x7c,
  0x66, 0x0f, 0xb7, 0x1e, 0x6a, 0x7c, 0x83, 0xe3, 0x01, 0x74, 0x1c, 0x8a,
  0x1e, 0x6e, 0x7c, 0x80, 0xfb, 0x02, 0x0f, 0x87, 0xe2, 0xfb, 0x66, 0x52,
  0x66, 0x8b, 0xc8, 0x66, 0xa1, 0x54, 0x7c, 0x66, 0xf7, 0xe3, 0x66, 0x03,
  0xc1, 0x66, 0x5a, 0x66, 0x52, 0x8b, 0xdf, 0xb9, 0x01, 0x00, 0xe8, 0xea,
  0xfb, 0x66, 0x5a, 0x66, 0xc1, 0xe2, 0x02, 0x8b, 0xda, 0x66, 0x5a, 0xc3,
  0x00, 0x00, 0x00, 0x00, 0x00, 0x00, 0x00, 0x00, 0x00, 0x00, 0x00, 0x00,
  0x00, 0x00, 0x00, 0x00, 0x00, 0x00, 0x00, 0x00, 0x00, 0x00, 0x00, 0x00,
  0x00, 0x00, 0x00, 0x00, 0x00, 0x00, 0x00, 0x00, 0x00, 0x00, 0x00, 0x00,
  0x00, 0x00, 0x00, 0x00, 0x00, 0x00, 0x00, 0x00, 0x00, 0x00, 0x00, 0x00,
  0x00, 0x00, 0x00, 0x00, 0x00, 0x00, 0x00, 0x00, 0x00, 0x00, 0x00, 0x00,
  0x00, 0x00, 0x00, 0x00, 0x00, 0x00, 0x00, 0x00, 0x00, 0x00, 0x00, 0x00,
  0x00, 0x00, 0x00, 0x00, 0x00, 0x00, 0x00, 0x00, 0x00, 0x00, 0x00, 0x00,
  0x00, 0x00, 0x00, 0x00, 0x00, 0x00, 0x00, 0x00, 0x00, 0x00, 0x00, 0x00,
  0x00, 0x00, 0x00, 0x00, 0x00, 0x00, 0x00, 0x00, 0x00, 0x00, 0x00, 0x00,
  0x00, 0x00, 0x00, 0x00, 0x00, 0x00, 0x00, 0x00, 0x00, 0x00, 0x00, 0x00,
  0x00, 0x00, 0x00, 0x00, 0x00, 0x00, 0x00, 0x00, 0x00, 0x00, 0x00, 0x00,
  0x00, 0x00, 0x00, 0x00, 0x00, 0x00, 0x00, 0x00, 0x00, 0x00, 0x00, 0x00,
  0x00, 0x00, 0x00, 0x00, 0x00, 0x00, 0x00, 0x00, 0x00, 0x00, 0x00, 0x00,
  0x00, 0x00, 0x00, 0x00, 0x00, 0x00, 0x00, 0x00, 0x00, 0x00, 0x00, 0x00,
  0x00, 0x00, 0x00, 0x00, 0x00, 0x00, 0x00, 0x00, 0x00, 0x00, 0x00, 0x00,
  0x00, 0x00, 0x00, 0x00, 0x00, 0x00, 0x00, 0x00, 0x00, 0x00, 0x55, 0xaa,
  0xeb, 0x52, 0x90, 0x4e, 0x54, 0x46, 0x53, 0x20, 0x20, 0x20, 0x20, 0x00,
  0x00, 0x00, 0x00, 0x00, 0x00, 0x00, 0x00, 0x00, 0x00, 0x00, 0x00, 0x00,
  0x00, 0x00, 0x00, 0x00, 0x00, 0x00, 0x00, 0x00, 0x00, 0x00, 0x00, 0x00,
  0x00, 0x00, 0x00, 0x00, 0x00, 0x00, 0x00, 0x00, 0x00, 0x00, 0x00, 0x00,
  0x00, 0x00, 0x00, 0x00, 0x00, 0x00, 0x00, 0x00, 0x00, 0x00, 0x00, 0x00,
  0x00, 0x00, 0x00, 0x00, 0x00, 0x00, 0x00, 0x00, 0x00, 0x00, 0x00, 0x00,
  0x00, 0x00, 0x00, 0x00, 0x00, 0x00, 0x00, 0x00, 0x00, 0x00, 0x00, 0x00,
  0xfa, 0x33, 0xc0, 0x8e, 0xd0, 0xbc, 0x00, 0x7c, 0xfb, 0x68, 0xc0, 0x07,
  0x1f, 0x1e, 0x68, 0x66, 0x00, 0xcb, 0x88, 0x16, 0x0e, 0x00, 0x66, 0x81,
  0x3e, 0x03, 0x00, 0x4e, 0x54, 0x46, 0x53, 0x75, 0x15, 0xb4, 0x41, 0xbb,
  0xaa, 0x55, 0xcd, 0x13, 0x72, 0x0c, 0x81, 0xfb, 0x55, 0xaa, 0x75, 0x06,
  0xf7, 0xc1, 0x01, 0x00, 0x75, 0x03, 0xe9, 0xdd, 0x00, 0x1e, 0x83, 0xec,
  0x18, 0x68, 0x1a, 0x00, 0xb4, 0x48, 0x8a, 0x16, 0x0e, 0x00, 0x8b, 0xf4,
  0x16, 0x1f, 0xcd, 0x13, 0x9f, 0x83, 0xc4, 0x18, 0x9e, 0x58, 0x1f, 0x72,
  0xe1, 0x3b, 0x06, 0x0b, 0x00, 0x75, 0xdb, 0xa3, 0x0f, 0x00, 0xc1, 0x2e,
  0x0f, 0x00, 0x04, 0x1e, 0x5a, 0x33, 0xdb, 0xb9, 0x00, 0x20, 0x2b, 0xc8,
  0x66, 0xff, 0x06, 0x11, 0x00, 0x03, 0x16, 0x0f, 0x00, 0x8e, 0xc2, 0xff,
  0x06, 0x16, 0x00, 0xe8, 0x4b, 0x00, 0x2b, 0xc8, 0x77, 0xef, 0xb8, 0x00,
  0xbb, 0xcd, 0x1a, 0x66, 0x23, 0xc0, 0x75, 0x2d, 0x66, 0x81, 0xfb, 0x54,
  0x43, 0x50, 0x41, 0x75, 0x24, 0x81, 0xf9, 0x02, 0x01, 0x72, 0x1e, 0x16,
  0x68, 0x07, 0xbb, 0x16, 0x68, 0x52, 0x11, 0x16, 0x68, 0x09, 0x00, 0x66,
  0x53, 0x66, 0x53, 0x66, 0x55, 0x16, 0x16, 0x16, 0x68, 0xb8, 0x01, 0x66,
  0x61, 0x0e, 0x07, 0xcd, 0x1a, 0x33, 0xc0, 0xbf, 0x0a, 0x13, 0xb9, 0xf6,
  0x0c, 0xfc, 0xf3, 0xaa, 0xe9, 0xfe, 0x01, 0x90, 0x90, 0x66, 0x60, 0x1e,
  0x06, 0x66, 0xa1, 0x11, 0x00, 0x66, 0x03, 0x06, 0x1c, 0x00, 0x1e, 0x66,
  0x68, 0x00, 0x00, 0x00, 0x00, 0x66, 0x50, 0x06, 0x53, 0x68, 0x01, 0x00,
  0x68, 0x10, 0x00, 0xb4, 0x42, 0x8a, 0x16, 0x0e, 0x00, 0x16, 0x1f, 0x8b,
  0xf4, 0xcd, 0x13, 0x66, 0x59, 0x5b, 0x5a, 0x66, 0x59, 0x66, 0x59, 0x1f,
  0x0f, 0x82, 0x16, 0x00, 0x66, 0xff, 0x06, 0x11, 0x00, 0x03, 0x16, 0x0f,
  0x00, 0x8e, 0xc2, 0xff, 0x0e, 0x16, 0x00, 0x75, 0xbc, 0x07, 0x1f, 0x66,
  0x61, 0xc3, 0xa1, 0xf6, 0x01, 0xe8, 0x09, 0x00, 0xa1, 0xfa, 0x01, 0xe8,
  0x03, 0x00, 0xf4, 0xeb, 0xfd, 0x8b, 0xf0, 0xac, 0x3c, 0x00, 0x74, 0x09,
  0xb4, 0x0e, 0xbb, 0x07, 0x00, 0xcd, 0x10, 0xeb, 0xf2, 0xc3, 0x0d, 0x0a,
  0x41, 0x20, 0x64, 0x69, 0x73, 0x6b, 0x20, 0x72, 0x65, 0x61, 0x64, 0x20,
  0x65, 0x72, 0x72, 0x6f, 0x72, 0x20, 0x6f, 0x63, 0x63, 0x75, 0x72, 0x72,
  0x65, 0x64, 0x00, 0x0d, 0x0a, 0x42, 0x4f, 0x4f, 0x54, 0x4d, 0x47, 0x52,
  0x20, 0x69, 0x73, 0x20, 0x63, 0x6f, 0x6d, 0x70, 0x72, 0x65, 0x73, 0x73,
  0x65, 0x64, 0x00, 0x0d, 0x0a, 0x50, 0x72, 0x65, 0x73, 0x73, 0x20, 0x43,
  0x74, 0x72, 0x6c, 0x2b, 0x41, 0x6c, 0x74, 0x2b, 0x44, 0x65, 0x6c, 0x20,
  0x74, 0x6f, 0x20, 0x72, 0x65, 0x73, 0x74, 0x61, 0x72, 0x74, 0x0d, 0x0a,
  0x00, 0x00, 0x00, 0x00, 0x00, 0x00, 0x00, 0x00, 0x00, 0x00, 0x00, 0x00,
  0x00, 0x00, 0x00, 0x00, 0x00, 0x00, 0x00, 0x00, 0x00, 0x00, 0x8a, 0x01,
  0xa7, 0x01, 0xbf, 0x01, 0x00, 0x00, 0x55, 0xaa, 0x07, 0x00, 0x42, 0x00,
  0x4f, 0x00, 0x4f, 0x00, 0x54, 0x00, 0x4d, 0x00, 0x47, 0x00, 0x52, 0x00,
  0x04, 0x00, 0x24, 0x00, 0x49, 0x00, 0x33, 0x00, 0x30, 0x00, 0x00, 0xd4,
  0x00, 0x00, 0x00, 0x24, 0x00, 0x00, 0x00, 0x00, 0x00, 0x00, 0x00, 0x00,
  0x00, 0x00, 0x00, 0x00, 0x00, 0x00, 0x00, 0x00, 0x00, 0x00, 0x00, 0x00,
  0x00, 0x00, 0x00, 0x00, 0x00, 0x00, 0x00, 0x00, 0x00, 0x00, 0x00, 0x00,
  0x00, 0x00, 0x00, 0x00, 0x00, 0x00, 0x00, 0x00, 0x00, 0x00, 0x00, 0x00,
  0x00, 0x00, 0x00, 0x00, 0x00, 0x00, 0x00, 0x00, 0x00, 0x00, 0xe9, 0xc0,
  0x00, 0x90, 0x05, 0x00, 0x4e, 0x00, 0x54, 0x00, 0x4c, 0x00, 0x44, 0x00,
  0x52, 0x00, 0x07, 0x00, 0x42, 0x00, 0x4f, 0x00, 0x4f, 0x00, 0x54, 0x00,
  0x54, 0x00, 0x47, 0x00, 0x54, 0x00, 0x07, 0x00, 0x42, 0x00, 0x4f, 0x00,
  0x4f, 0x00, 0x54, 0x00, 0x4e, 0x00, 0x58, 0x00, 0x54, 0x00, 0x00, 0x00,
  0x00, 0x00, 0x00, 0x00, 0x00, 0x00, 0x00, 0x00, 0x00, 0x00, 0x00, 0x00,
  0x00, 0x00, 0x00, 0x00, 0x00, 0x00, 0x0d, 0x0a, 0x41, 0x6e, 0x20, 0x6f,
  0x70, 0x65, 0x72, 0x61, 0x74, 0x69, 0x6e, 0x67, 0x20, 0x73, 0x79, 0x73,
  0x74, 0x65, 0x6d, 0x20, 0x77, 0x61, 0x73, 0x6e, 0x27, 0x74, 0x20, 0x66,
  0x6f, 0x75, 0x6e, 0x64, 0x2e, 0x20, 0x54, 0x72, 0x79, 0x20, 0x64, 0x69,
  0x73, 0x63, 0x6f, 0x6e, 0x6e, 0x65, 0x63, 0x74, 0x69, 0x6e, 0x67, 0x20,
  0x61, 0x6e, 0x79, 0x20, 0x64, 0x72, 0x69, 0x76, 0x65, 0x73, 0x20, 0x74,
  0x68, 0x61, 0x74, 0x20, 0x64, 0x6f, 0x6e, 0x27, 0x74, 0x0d, 0x0a, 0x63,
  0x6f, 0x6e, 0x74, 0x61, 0x69, 0x6e, 0x20, 0x61, 0x6e, 0x20, 0x6f, 0x70,
  0x65, 0x72, 0x61, 0x74, 0x69, 0x6e, 0x67, 0x20, 0x73, 0x79, 0x73, 0x74,
  0x65, 0x6d, 0x2e, 0x00, 0x00, 0x00, 0x00, 0x00, 0x00, 0x00, 0x00, 0x00,
  0x00, 0x00, 0x00, 0x00, 0x00, 0x00, 0x00, 0x00, 0x00, 0x00, 0x00, 0x9a,
  0x02, 0x66, 0x0f, 0xb7, 0x06, 0x0b, 0x00, 0x66, 0x0f, 0xb6, 0x1e, 0x0d,
  0x00, 0x66, 0xf7, 0xe3, 0x66, 0xa3, 0x52, 0x02, 0x66, 0x8b, 0x0e, 0x40,
  0x00, 0x80, 0xf9, 0x00, 0x0f, 0x8f, 0x0e, 0x00, 0xf6, 0xd9, 0x66, 0xb8,
  0x01, 0x00, 0x00, 0x00, 0x66, 0xd3, 0xe0, 0xeb, 0x08, 0x90, 0x66, 0xa1,
  0x52, 0x02, 0x66, 0xf7, 0xe1, 0x66, 0xa3, 0x86, 0x02, 0x66, 0x0f, 0xb7,
  0x1e, 0x0b, 0x00, 0x66, 0x33, 0xd2, 0x66, 0xf7, 0xf3, 0x66, 0xa3, 0x56,
  0x02, 0xe8, 0xa2, 0x04, 0x66, 0x8b, 0x0e, 0x4e, 0x02, 0x66, 0x89, 0x0e,
  0x26, 0x02, 0x66, 0x03, 0x0e, 0x86, 0x02, 0x66, 0x89, 0x0e, 0x2a, 0x02,
  0x66, 0x03, 0x0e, 0x86, 0x02, 0x66, 0x89, 0x0e, 0x2e, 0x02, 0x66, 0x03,
  0x0e, 0x86, 0x02, 0x66, 0x89, 0x0e, 0x3e, 0x02, 0x66, 0x03, 0x0e, 0x86,
  0x02, 0x66, 0x89, 0x0e, 0x46, 0x02, 0x66, 0xb8, 0x90, 0x00, 0x00, 0x00,
  0x66, 0x8b, 0x0e, 0x26, 0x02, 0xe8, 0x90, 0x09, 0x66, 0x0b, 0xc0, 0x0f,
  0x84, 0xbf, 0xfd, 0x66, 0xa3, 0x32, 0x02, 0x66, 0xb8, 0xa0, 0x00, 0x00,
  0x00, 0x66, 0x8b, 0x0e, 0x2a, 0x02, 0xe8, 0x77, 0x09, 0x66, 0xa3, 0x36,
  0x02, 0x66, 0xb8, 0xb0, 0x00, 0x00, 0x00, 0x66, 0x8b, 0x0e, 0x2e, 0x02,
  0xe8, 0x65, 0x09, 0x66, 0xa3, 0x3a, 0x02, 0x66, 0xa1, 0x32, 0x02, 0x66,
  0x0b, 0xc0, 0x0f, 0x84, 0x8c, 0xfd, 0x67, 0x80, 0x78, 0x08, 0x00, 0x0f,
  0x85, 0x83, 0xfd, 0x67, 0x66, 0x8d, 0x50, 0x10, 0x67, 0x03, 0x42, 0x04,
  0x67, 0x66, 0x0f, 0xb6, 0x48, 0x0c, 0x66, 0x89, 0x0e, 0x92, 0x02, 0x67,
  0x66, 0x8b, 0x48, 0x08, 0x66, 0x89, 0x0e, 0x8e, 0x02, 0x66, 0xa1, 0x8e,
  0x02, 0x66, 0x0f, 0xb7, 0x0e, 0x0b, 0x00, 0x66, 0x33, 0xd2, 0x66, 0xf7,
  0xf1, 0x66, 0xa3, 0x96, 0x02, 0x66, 0xa1, 0x46, 0x02, 0x66, 0x03, 0x06,
  0x8e, 0x02, 0x66, 0xa3, 0x4a, 0x02, 0x66, 0x83, 0x3e, 0x36, 0x02, 0x00,
  0x0f, 0x84, 0x1d, 0x00, 0x66, 0x83, 0x3e, 0x3a, 0x02, 0x00, 0x0f, 0x84,
  0x30, 0xfd, 0x66, 0x8b, 0x1e, 0x3a, 0x02, 0x1e, 0x07, 0x66, 0x8b, 0x3e,
  0x4a, 0x02, 0x66, 0xa1, 0x2e, 0x02, 0xe8, 0xed, 0x01, 0xe8, 0x2c, 0x0d,
  0x66, 0x0b, 0xc0, 0x0f, 0x84, 0x03, 0x00, 0xe8, 0x42, 0x0e, 0x66, 0x0f,
  0xb7, 0x0e, 0x00, 0x02, 0x66, 0xb8, 0x02, 0x02, 0x00, 0x00, 0xe8, 0x22,
  0x08, 0x66, 0x0b, 0xc0, 0x0f, 0x85, 0x16, 0x00, 0x66, 0x0f, 0xb7, 0x0e,
  0x5a, 0x02, 0x66, 0xb8, 0x5c, 0x02, 0x00, 0x00, 0xe8, 0x0c, 0x08, 0x66,
  0x0b, 0xc0, 0x0f, 0x84, 0x78, 0x0e, 0x67, 0x66, 0x8b, 0x00, 0x1e, 0x07,
  0x66, 0x8b, 0x3e, 0x3e, 0x02, 0xe8, 0x3f, 0x06, 0x66, 0xa1, 0x3e, 0x02,
  0x66, 0xbb, 0x20, 0x00, 0x00, 0x00, 0x66, 0xb9, 0x00, 0x00, 0x00, 0x00,
  0x66, 0xba, 0x00, 0x00, 0x00, 0x00, 0xe8, 0xe4, 0x00, 0x66, 0x85, 0xc0,
  0x0f, 0x85, 0x23, 0x00, 0x66, 0xa1, 0x3e, 0x02, 0x66, 0xbb, 0x80, 0x00,
  0x00, 0x00, 0x66, 0xb9, 0x00, 0x00, 0x00, 0x00, 0x66, 0xba, 0x00, 0x00,
  0x00, 0x00, 0xe8, 0xc4, 0x00, 0x66, 0x0b, 0xc0, 0x0f, 0x85, 0x44, 0x00,
  0xe9, 0x27, 0x0e, 0x66, 0x33, 0xd2, 0x66, 0xb9, 0x80, 0x00, 0x00, 0x00,
  0x66, 0xa1, 0x3e, 0x02, 0xe8, 0xca, 0x08, 0x66, 0x0b, 0xc0, 0x0f, 0x84,
  0x10, 0x0e, 0x1e, 0x07, 0x66, 0x8b, 0x3e, 0x3e, 0x02, 0xe8, 0xdb, 0x05,
  0x66, 0xa1, 0x3e, 0x02, 0x66, 0xbb, 0x80, 0x00, 0x00, 0x00, 0x66, 0xb9,
  0x00, 0x00, 0x00, 0x00, 0x66, 0xba, 0x00, 0x00, 0x00, 0x00, 0xe8, 0x80,
  0x00, 0x66, 0x0b, 0xc0, 0x0f, 0x84, 0xe6, 0x0d, 0x67, 0x66, 0x0f, 0xb7,
  0x58, 0x0c, 0x66, 0x81, 0xe3, 0xff, 0x00, 0x00, 0x00, 0x0f, 0x85, 0xdb,
  0x0d, 0x66, 0x8b, 0xd8, 0x68, 0x00, 0x20, 0x07, 0x66, 0x2b, 0xff, 0x66,
  0xa1, 0x3e, 0x02, 0xe8, 0x00, 0x01, 0x68, 0x00, 0x20, 0x07, 0x66, 0x2b,
  0xff, 0x66, 0xa1, 0x3e, 0x02, 0xe8, 0xac, 0x0a, 0x8a, 0x16, 0x0e, 0x00,
  0xb8, 0xe8, 0x03, 0x8e, 0xc0, 0x8d, 0x36, 0x0b, 0x00, 0x2b, 0xc0, 0x68,
  0x00, 0x20, 0x50, 0xcb, 0x06, 0x1e, 0x66, 0x60, 0x66, 0x8b, 0xda, 0x66,
  0x0f, 0xb6, 0x0e, 0x0d, 0x00, 0x66, 0xf7, 0xe1, 0x66, 0xa3, 0x11, 0x00,
  0x66, 0x8b, 0xc3, 0x66, 0xf7, 0xe1, 0xa3, 0x16, 0x00, 0x8b, 0xdf, 0x83,
  0xe3, 0x0f, 0x8c, 0xc0, 0x66, 0xc1, 0xef, 0x04, 0x03, 0xc7, 0x50, 0x07,
  0xe8, 0x92, 0xfb, 0x66, 0x61, 0x90, 0x1f, 0x07, 0xc3, 0x67, 0x03, 0x40,
  0x14, 0x67, 0x66, 0x83, 0x38, 0xff, 0x0f, 0x84, 0x4c, 0x00, 0x67, 0x66,
  0x39, 0x18, 0x0f, 0x85, 0x33, 0x00, 0x66, 0x0b, 0xc9, 0x0f, 0x85, 0x0a,
  0x00, 0x67, 0x80, 0x78, 0x09, 0x00, 0x0f, 0x85, 0x23, 0x00, 0xc3, 0x67,
  0x3a, 0x48, 0x09, 0x0f, 0x85, 0x1a, 0x00, 0x66, 0x8b, 0xf0, 0x67, 0x03,
  0x70, 0x0a, 0xe8, 0x97, 0x06, 0x66, 0x51, 0x1e, 0x07, 0x66, 0x8b, 0xfa,
  0xf3, 0xa7, 0x66, 0x59, 0x0f, 0x85, 0x01, 0x00, 0xc3, 0x67, 0x66, 0x83,
  0x78, 0x04, 0x00, 0x0f, 0x84, 0x07, 0x00, 0x67, 0x66, 0x03, 0x40, 0x04,
  0xeb, 0xab, 0x66, 0x2b, 0xc0, 0xc3, 0x66, 0x8b, 0xf3, 0xe8, 0x6c, 0x06,
  0x67, 0x66, 0x03, 0x00, 0x67, 0xf7, 0x40, 0x0c, 0x02, 0x00, 0x0f, 0x85,
  0x34, 0x00, 0x67, 0x66, 0x8d, 0x50, 0x10, 0x67, 0x3a, 0x4a, 0x40, 0x0f,
  0x85, 0x18, 0x00, 0x67, 0x66, 0x8d, 0x72, 0x42, 0xe8, 0x49, 0x06, 0x66,
  0x51, 0x1e, 0x07, 0x66, 0x8b, 0xfb, 0xf3, 0xa7, 0x66, 0x59, 0x0f, 0x85,
  0x01, 0x00, 0xc3, 0x67, 0x83, 0x78, 0x08, 0x00, 0x0f, 0x84, 0x06, 0x00,
  0x67, 0x03, 0x40, 0x08, 0xeb, 0xc2, 0x66, 0x33, 0xc0, 0xc3, 0x67, 0x80,
  0x7b, 0x08, 0x00, 0x0f, 0x85, 0x1c, 0x00, 0x06, 0x1e, 0x66, 0x60, 0x67,
  0x66, 0x8d, 0x53, 0x10, 0x67, 0x66, 0x8b, 0x0a, 0x66, 0x8b, 0xf3, 0x67,
  0x03, 0x72, 0x04, 0xf3, 0xa4, 0x66, 0x61, 0x90, 0x1f, 0x07, 0xc3, 0x66,
  0x50, 0x67, 0x66, 0x8d, 0x53, 0x10, 0x66, 0x85, 0xc0, 0x0f, 0x85, 0x0a,
  0x00, 0x67, 0x66, 0x8b, 0x4a, 0x08, 0x66, 0x41, 0xeb, 0x11, 0x90, 0x67,
  0x66, 0x8b, 0x42, 0x18, 0x66, 0x33, 0xd2, 0x66, 0xf7, 0x36, 0x52, 0x02,
  0x66, 0x8b, 0xc8, 0x66, 0x2b, 0xc0, 0x66, 0x5e, 0xe8, 0x01, 0x00, 0xc3,
  0x06, 0x1e, 0x66, 0x60, 0x67, 0x80, 0x7b, 0x08, 0x01, 0x0f, 0x84, 0x03,
  0x00, 0xe9, 0xca, 0xfa, 0x66, 0x83, 0xf9, 0x00, 0x0f, 0x85, 0x06, 0x00,
  0x66, 0x61, 0x90, 0x1f, 0x07, 0xc3, 0x66, 0x53, 0x66, 0x50, 0x66, 0x51,
  0x66, 0x56, 0x66, 0x57, 0x06, 0xe8, 0x91, 0x04, 0x66, 0x8b, 0xd1, 0x07,
  0x66, 0x5f, 0x66, 0x5e, 0x66, 0x59, 0x66, 0x85, 0xc0, 0x0f, 0x84, 0x34,
  0x00, 0x66, 0x3b, 0xca, 0x0f, 0x8d, 0x03, 0x00, 0x66, 0x8b, 0xd1, 0xe8,
  0x82, 0xfe, 0x66, 0x2b, 0xca, 0x66, 0x8b, 0xda, 0x66, 0x8b, 0xc2, 0x66,
  0x0f, 0xb6, 0x16, 0x0d, 0x00, 0x66, 0xf7, 0xe2, 0x66, 0x0f, 0xb7, 0x16,
  0x0b, 0x00, 0x66, 0xf7, 0xe2, 0x66, 0x03, 0xf8, 0x66, 0x58, 0x66, 0x03,
  0xc3, 0x66, 0x5b, 0xeb, 0x9f, 0x66, 0x85, 0xf6, 0x0f, 0x84, 0x62, 0xfa,
  0x66, 0x51, 0x66, 0x57, 0x06, 0x67, 0x66, 0x0f, 0xb6, 0x43, 0x09, 0x66,
  0x85, 0xc0, 0x0f, 0x84, 0x20, 0x00, 0x66, 0xd1, 0xe0, 0x66, 0x2b, 0xe0,
  0x66, 0x8b, 0xfc, 0x66, 0x54, 0x66, 0x56, 0x67, 0x66, 0x0f, 0xb7, 0x73,
  0x0a, 0x66, 0x03, 0xf3, 0x66, 0x8b, 0xc8, 0xf3, 0xa4, 0x66, 0x5e, 0xeb,
  0x03, 0x90, 0x66, 0x50, 0x66, 0x50, 0x67, 0x66, 0x8b, 0x03, 0x66, 0x50,
  0x67, 0x66, 0x8b, 0x43, 0x18, 0x66, 0x50, 0x67, 0x66, 0x8b, 0x56, 0x20,
  0x66, 0x85, 0xd2, 0x0f, 0x84, 0x0b, 0x00, 0x66, 0x8b, 0xfe, 0x1e, 0x07,
  0x66, 0x8b, 0xc2, 0xe8, 0x71, 0x03, 0x66, 0x8b, 0xc6, 0x66, 0x5a, 0x66,
  0x59, 0x66, 0x42, 0x66, 0x51, 0x66, 0x56, 0xe8, 0x3f, 0x06, 0x66, 0x85,
  0xc0, 0x0f, 0x84, 0xf1, 0xf9, 0x66, 0x5e, 0x66, 0x59, 0x66, 0x8b, 0xfe,
  0x1e, 0x07, 0xe8, 0x4e, 0x03, 0x66, 0x8b, 0xc6, 0x66, 0x8b, 0xd9, 0x66,
  0x59, 0x66, 0x5a, 0x66, 0x51, 0x66, 0x56, 0x66, 0xd1, 0xe9, 0xe8, 0xf8,
  0xfd, 0x66, 0x85, 0xc0, 0x0f, 0x84, 0xca, 0xf9, 0x66, 0x5e, 0x66, 0x59,
  0x66, 0x03, 0xe1, 0x07, 0x66, 0x5f, 0x66, 0x59, 0x66, 0x8b, 0xd0, 0x66,
  0x58, 0x66, 0x5b, 0x66, 0x8b, 0xda, 0xe9, 0xf5, 0xfe, 0x06, 0x1e, 0x66,
  0x60, 0x26, 0x67, 0x66, 0x0f, 0xb7, 0x5f, 0x04, 0x26, 0x67, 0x66, 0x0f,
  0xb7, 0x4f, 0x06, 0x66, 0x0b, 0xc9, 0x0f, 0x84, 0x98, 0xf9, 0x66, 0x03,
  0xdf, 0x66, 0x83, 0xc3, 0x02, 0x66, 0x81, 0xc7, 0xfe, 0x01, 0x00, 0x00,
  0x66, 0x49, 0x66, 0x0b, 0xc9, 0x0f, 0x84, 0x17, 0x00, 0x26, 0x67, 0x8b,
  0x03, 0x26, 0x67, 0x89, 0x07, 0x66, 0x83, 0xc3, 0x02, 0x66, 0x81, 0xc7,
  0x00, 0x02, 0x00, 0x00, 0x66, 0x49, 0xeb, 0xe2, 0x66, 0x61, 0x90, 0x1f,
  0x07, 0xc3, 0x06, 0x1e, 0x66, 0x60, 0x66, 0xb8, 0x01, 0x00, 0x00, 0x00,
  0x66, 0xa3, 0x22, 0x02, 0x66, 0xa1, 0x1e, 0x02, 0x66, 0x03, 0x06, 0x86,
  0x02, 0x66, 0xa3, 0x8a, 0x02, 0x66, 0x03, 0x06, 0x86, 0x02, 0x66, 0xa3,
  0x4e, 0x02, 0x66, 0xa1, 0x30, 0x00, 0x66, 0x0f, 0xb6, 0x1e, 0x0d, 0x00,
  0x66, 0xf7, 0xe3, 0x66, 0x8b, 0x1e, 0x4e, 0x02, 0x66, 0x89, 0x07, 0x66,
  0xa3, 0x11, 0x00, 0x83, 0xc3, 0x04, 0x66, 0xa1, 0x56, 0x02, 0x66, 0x89,
  0x07, 0xa3, 0x16, 0x00, 0x83, 0xc3, 0x04, 0x66, 0x89, 0x1e, 0x4e, 0x02,
  0x66, 0x8b, 0x1e, 0x1e, 0x02, 0x1e, 0x07, 0xe8, 0xbb, 0xf8, 0x66, 0x8b,
  0xfb, 0xe8, 0x51, 0xff, 0x66, 0xa1, 0x1e, 0x02, 0x66, 0xbb, 0x20, 0x00,
  0x00, 0x00, 0x66, 0xb9, 0x00, 0x00, 0x00, 0x00, 0x66, 0xba, 0x00, 0x00,
  0x00, 0x00, 0xe8, 0x10, 0xfd, 0x66, 0x0b, 0xc0, 0x0f, 0x84, 0x19, 0x01,
  0x66, 0x8b, 0xd8, 0x1e, 0x07, 0x66, 0x8b, 0x3e, 0x1a, 0x02, 0x66, 0x33,
  0xc0, 0xe8, 0xa2, 0xfd, 0x66, 0x8b, 0x1e, 0x1a, 0x02, 0x66, 0x81, 0x3f,
  0x80, 0x00, 0x00, 0x00, 0x0f, 0x84, 0xeb, 0x00, 0x03, 0x5f, 0x04, 0xeb,
  0xf0, 0x66, 0x53, 0x66, 0x8b, 0x47, 0x10, 0x66, 0xf7, 0x26, 0x56, 0x02,
  0x66, 0x50, 0x66, 0x33, 0xd2, 0x66, 0x0f, 0xb6, 0x1e, 0x0d, 0x00, 0x66,
  0xf7, 0xf3, 0x66, 0x52, 0xe8, 0xdc, 0x00, 0x66, 0x0b, 0xc0, 0x0f, 0x84,
  0x98, 0xf8, 0x66, 0x8b, 0x0e, 0x56, 0x02, 0x66, 0x0f, 0xb6, 0x1e, 0x0d,
  0x00, 0x66, 0xf7, 0xe3, 0x66, 0x5a, 0x66, 0x03, 0xc2, 0x66, 0x8b, 0x1e,
  0x4e, 0x02, 0x66, 0x89, 0x07, 0x83, 0xc3, 0x04, 0x66, 0x0f, 0xb6, 0x06,
  0x0d, 0x00, 0x66, 0x2b, 0xc2, 0x66, 0x3b, 0xc1, 0x0f, 0x86, 0x03, 0x00,
  0x66, 0x8b, 0xc1, 0x66, 0x89, 0x07, 0x66, 0x2b, 0xc8, 0x66, 0x5a, 0x0f,
  0x84, 0x75, 0x00, 0x66, 0x03, 0xc2, 0x66, 0x50, 0x66, 0x33, 0xd2, 0x66,
  0x0f, 0xb6, 0x1e, 0x0d, 0x00, 0x66, 0xf7, 0xf3, 0x66, 0x51, 0xe8, 0x82,
  0x00, 0x66, 0x59, 0x66, 0x0b, 0xc0, 0x0f, 0x84, 0x3c, 0xf8, 0x66, 0x0f,
  0xb6, 0x1e, 0x0d, 0x00, 0x66, 0xf7, 0xe3, 0x66, 0x8b, 0x1e, 0x4e, 0x02,
  0x66, 0x8b, 0x17, 0x83, 0xc3, 0x04, 0x66, 0x03, 0x17, 0x66, 0x3b, 0xd0,
  0x0f, 0x85, 0x15, 0x00, 0x66, 0x0f, 0xb6, 0x06, 0x0d, 0x00, 0x66, 0x3b,
  0xc1, 0x0f, 0x86, 0x03, 0x00, 0x66, 0x8b, 0xc1, 0x66, 0x01, 0x07, 0xeb,
  0xa5, 0x83, 0xc3, 0x04, 0x66, 0x89, 0x1e, 0x4e, 0x02, 0x66, 0x89, 0x07,
  0x83, 0xc3, 0x04, 0x66, 0x0f, 0xb6, 0x06, 0x0d, 0x00, 0x66, 0x3b, 0xc1,
  0x0f, 0x86, 0x03, 0x00, 0x66, 0x8b, 0xc1, 0x66, 0x89, 0x07, 0xeb, 0x82,
  0x83, 0xc3, 0x04, 0x66, 0xff, 0x06, 0x22, 0x02, 0x66, 0x89, 0x1e, 0x4e,
  0x02, 0x66, 0x5b, 0x03, 0x5f, 0x04, 0x66, 0x81, 0x3f, 0x80, 0x00, 0x00,
  0x00, 0x0f, 0x84, 0x0c, 0xff, 0x66, 0x61, 0x90, 0x1f, 0x07, 0xc3, 0x66,
  0x8b, 0xd0, 0x66, 0x8b, 0x0e, 0x22, 0x02, 0x66, 0x8b, 0x36, 0x8a, 0x02,
  0x66, 0x03, 0x36, 0x86, 0x02, 0x66, 0x52, 0x66, 0x51, 0x66, 0x52, 0x66,
  0x8b, 0x1e, 0x8a, 0x02, 0x66, 0x8b, 0x3e, 0x56, 0x02, 0x66, 0x8b, 0x04,
  0x66, 0xa3, 0x11, 0x00, 0x83, 0xc6, 0x04, 0x66, 0x8b, 0x04, 0xa3, 0x16,
  0x00, 0x83, 0xc6, 0x04, 0x1e, 0x07, 0xe8, 0x3c, 0xf7, 0x66, 0x2b, 0xf8,
  0x0f, 0x84, 0x08, 0x00, 0xf7, 0x26, 0x0b, 0x00, 0x03, 0xd8, 0xeb, 0xd9,
  0x66, 0x8b, 0x3e, 0x8a, 0x02, 0x1e, 0x07, 0xe8, 0xbf, 0xfd, 0x66, 0xa1,
  0x8a, 0x02, 0x66, 0xbb, 0x80, 0x00, 0x00, 0x00, 0x66, 0xb9, 0x00, 0x00,
  0x00, 0x00, 0x66, 0x8b, 0xd1, 0xe8, 0x81, 0xfb, 0x66, 0x0b, 0xc0, 0x0f,
  0x84, 0x53, 0xf7, 0x66, 0x8b, 0xd8, 0x66, 0x58, 0x66, 0x56, 0xe8, 0x2c,
  0x01, 0x66, 0x5e, 0x66, 0x0b, 0xc0, 0x0f, 0x84, 0x05, 0x00, 0x66, 0x5b,
  0x66, 0x5b, 0xc3, 0x66, 0x59, 0x66, 0x5a, 0xe2, 0x84, 0x66, 0x33, 0xc0,
  0xc3, 0x06, 0x1e, 0x66, 0x60, 0x66, 0x50, 0x66, 0x51, 0x66, 0x33, 0xd2,
  0x66, 0x0f, 0xb6, 0x1e, 0x0d, 0x00, 0x66, 0xf7, 0xf3, 0x66, 0x52, 0x66,
  0x57, 0xe8, 0x53, 0xff, 0x66, 0x5f, 0x66, 0x0b, 0xc0, 0x0f, 0x84, 0x0d,
  0xf7, 0x66, 0x0f, 0xb6, 0x1e, 0x0d, 0x00, 0x66, 0xf7, 0xe3, 0x66, 0x5a,
  0x66, 0x03, 0xc2, 0x66, 0xa3, 0x11, 0x00, 0x66, 0x59, 0x66, 0x0f, 0xb6,
  0x1e, 0x0d, 0x00, 0x66, 0x3b, 0xcb, 0x0f, 0x8e, 0x13, 0x00, 0x89, 0x1e,
  0x16, 0x00, 0x66, 0x2b, 0xcb, 0x66, 0x58, 0x66, 0x03, 0xc3, 0x66, 0x50,
  0x66, 0x51, 0xeb, 0x14, 0x90, 0x66, 0x58, 0x66, 0x03, 0xc1, 0x66, 0x50,
  0x89, 0x0e, 0x16, 0x00, 0x66, 0xb9, 0x00, 0x00, 0x00, 0x00, 0x66, 0x51,
  0x06, 0x66, 0x57, 0x8b, 0xdf, 0x83, 0xe3, 0x0f, 0x8c, 0xc0, 0x66, 0xc1,
  0xef, 0x04, 0x03, 0xc7, 0x50, 0x07, 0xe8, 0x64, 0xf6, 0x66, 0x5f, 0x07,
  0x66, 0x03, 0x3e, 0x52, 0x02, 0x66, 0x59, 0x66, 0x58, 0x66, 0x83, 0xf9,
  0x00, 0x0f, 0x8f, 0x70, 0xff, 0x66, 0x61, 0x90, 0x1f, 0x07, 0xc3, 0x06,
  0x1e, 0x66, 0x60, 0x66, 0xf7, 0x26, 0x56, 0x02, 0x66, 0x8b, 0x0e, 0x56,
  0x02, 0xe8, 0x55, 0xff, 0xe8, 0xd2, 0xfc, 0x66, 0x61, 0x90, 0x1f, 0x07,
  0xc3, 0x06, 0x1e, 0x66, 0x60, 0x66, 0xf7, 0x26, 0x92, 0x02, 0x66, 0x8b,
  0x1e, 0x36, 0x02, 0x66, 0x8b, 0x0e, 0x92, 0x02, 0x66, 0x8b, 0x36, 0x2a,
  0x02, 0x1e, 0x07, 0x66, 0x8b, 0x3e, 0x46, 0x02, 0xe8, 0x81, 0xfb, 0xe8,
  0xa7, 0xfc, 0x66, 0x61, 0x90, 0x1f, 0x07, 0xc3, 0x66, 0x50, 0x66, 0x53,
  0x66, 0x51, 0x66, 0x8b, 0x1e, 0x4a, 0x02, 0x66, 0x8b, 0xc8, 0x66, 0xc1,
  0xe8, 0x03, 0x66, 0x83, 0xe1, 0x07, 0x66, 0x03, 0xd8, 0x66, 0xb8, 0x01,
  0x00, 0x00, 0x00, 0x66, 0xd3, 0xe0, 0x67, 0x84, 0x03, 0x0f, 0x84, 0x04,
  0x00, 0xf8, 0xeb, 0x02, 0x90, 0xf9, 0x66, 0x59, 0x66, 0x5b, 0x66, 0x58,
  0xc3, 0x67, 0x80, 0x7b, 0x08, 0x01, 0x0f, 0x84, 0x04, 0x00, 0x66, 0x2b,
  0xc0, 0xc3, 0x67, 0x66, 0x8d, 0x73, 0x10, 0x67, 0x66, 0x8b, 0x56, 0x08,
  0x66, 0x3b, 0xc2, 0x0f, 0x87, 0x0b, 0x00, 0x67, 0x66, 0x8b, 0x16, 0x66,
  0x3b, 0xc2, 0x0f, 0x83, 0x04, 0x00, 0x66, 0x2b, 0xc0, 0xc3, 0x67, 0x03,
  0x5e, 0x10, 0x66, 0x2b, 0xf6, 0x67, 0x80, 0x3b, 0x00, 0x0f, 0x84, 0x3e,
  0x00, 0xe8, 0x81, 0x00, 0x66, 0x03, 0xf1, 0xe8, 0x39, 0x00, 0x66, 0x03,
  0xca, 0x66, 0x3b, 0xc1, 0x0f, 0x8c, 0x21, 0x00, 0x66, 0x8b, 0xd1, 0x66,
  0x50, 0x67, 0x66, 0x0f, 0xb6, 0x0b, 0x66, 0x8b, 0xc1, 0x66, 0x83, 0xe0,
  0x0f, 0x66, 0xc1, 0xe9, 0x04, 0x66, 0x03, 0xd9, 0x66, 0x03, 0xd8, 0x66,
  0x43, 0x66, 0x58, 0xeb, 0xc4, 0x66, 0x2b, 0xc8, 0x66, 0x2b, 0xc2, 0x66,
  0x03, 0xc6, 0xc3, 0x66, 0x2b, 0xc0, 0xc3, 0x66, 0x2b, 0xc9, 0x67, 0x8a,
  0x0b, 0x80, 0xe1, 0x0f, 0x66, 0x83, 0xf9, 0x00, 0x0f, 0x85, 0x04, 0x00,
  0x66, 0x2b, 0xc9, 0xc3, 0x66, 0x53, 0x66, 0x52, 0x66, 0x03, 0xd9, 0x67,
  0x66, 0x0f, 0xbe, 0x13, 0x66, 0x49, 0x66, 0x4b, 0x66, 0x83, 0xf9, 0x00,
  0x0f, 0x84, 0x0d, 0x00, 0x66, 0xc1, 0xe2, 0x08, 0x67, 0x8a, 0x13, 0x66,
  0x4b, 0x66, 0x49, 0xeb, 0xeb, 0x66, 0x8b, 0xca, 0x66, 0x5a, 0x66, 0x5b,
  0xc3, 0x66, 0x53, 0x66, 0x52, 0x66, 0x2b, 0xd2, 0x67, 0x8a, 0x13, 0x66,
  0x83, 0xe2, 0x0f, 0x66, 0x2b, 0xc9, 0x67, 0x8a, 0x0b, 0xc0, 0xe9, 0x04,
  0x66, 0x83, 0xf9, 0x00, 0x0f, 0x85, 0x08, 0x00, 0x66, 0x2b, 0xc9, 0x66,
  0x5a, 0x66, 0x5b, 0xc3, 0x66, 0x03, 0xda, 0x66, 0x03, 0xd9, 0x67, 0x66,
  0x0f, 0xbe, 0x13, 0x66, 0x49, 0x66, 0x4b, 0x66, 0x83, 0xf9, 0x00, 0x0f,
  0x84, 0x0d, 0x00, 0x66, 0xc1, 0xe2, 0x08, 0x67, 0x8a, 0x13, 0x66, 0x4b,
  0x66, 0x49, 0xeb, 0xeb, 0x66, 0x8b, 0xca, 0x66, 0x5a, 0x66, 0x5b, 0xc3,
  0x66, 0x0b, 0xc9, 0x0f, 0x85, 0x01, 0x00, 0xc3, 0x66, 0x51, 0x66, 0x56,
  0x67, 0x83, 0x3e, 0x61, 0x0f, 0x8c, 0x0c, 0x00, 0x67, 0x83, 0x3e, 0x7a,
  0x0f, 0x8f, 0x04, 0x00, 0x67, 0x83, 0x2e, 0x20, 0x66, 0x83, 0xc6, 0x02,
  0xe2, 0xe6, 0x66, 0x5e, 0x66, 0x59, 0xc3, 0x66, 0x50, 0x66, 0x51, 0x66,
  0x8b, 0xd0, 0x66, 0xa1, 0x32, 0x02, 0x67, 0x66, 0x8d, 0x58, 0x10, 0x67,
  0x03, 0x43, 0x04, 0x67, 0x66, 0x8d, 0x40, 0x10, 0x66, 0x8b, 0xda, 0xe8,
  0x44, 0xf9, 0x66, 0x0b, 0xc0, 0x0f, 0x84, 0x05, 0x00, 0x66, 0x59, 0x66,
  0x59, 0xc3, 0x66, 0xa1, 0x36, 0x02, 0x66, 0x0b, 0xc0, 0x0f, 0x85, 0x08,
  0x00, 0x66, 0x59, 0x66, 0x59, 0x66, 0x33, 0xc0, 0xc3, 0x66, 0x8b, 0x16,
  0x36, 0x02, 0x67, 0x66, 0x8d, 0x52, 0x10, 0x67, 0x66, 0x8b, 0x42, 0x18,
  0x66, 0x33, 0xd2, 0x66, 0xf7, 0x36, 0x8e, 0x02, 0x66, 0x33, 0xf6, 0x66,
  0x50, 0x66, 0x56, 0x66, 0x58, 0x66, 0x5e, 0x66, 0x3b, 0xc6, 0x0f, 0x84,
  0x3a, 0x00, 0x66, 0x56, 0x66, 0x40, 0x66, 0x50, 0x66, 0x48, 0xe8, 0x1b,
  0xfe, 0x72, 0xe8, 0xe8, 0xeb, 0xfd, 0x66, 0x5a, 0x66, 0x5e, 0x66, 0x59,
  0x66, 0x5b, 0x66, 0x53, 0x66, 0x51, 0x66, 0x56, 0x66, 0x52, 0x66, 0xa1,
  0x46, 0x02, 0x67, 0x66, 0x8d, 0x40, 0x18, 0xe8, 0xd0, 0xf8, 0x66, 0x0b,
  0xc0, 0x74, 0xc4, 0x66, 0x59, 0x66, 0x59, 0x66, 0x59, 0x66, 0x59, 0xc3,
  0x66, 0x59, 0x66, 0x59, 0x66, 0x33, 0xc0, 0xc3, 0x66, 0x51, 0x66, 0x50,
  0x66, 0xb8, 0x05, 0x00, 0x00, 0x00, 0x1e, 0x07, 0x66, 0x8b, 0xf9, 0xe8,
  0x8d, 0xfd, 0x66, 0x8b, 0xc1, 0x66, 0xbb, 0x20, 0x00, 0x00, 0x00, 0x66,
  0xb9, 0x00, 0x00, 0x00, 0x00, 0x66, 0xba, 0x00, 0x00, 0x00, 0x00, 0xe8,
  0x33, 0xf8, 0x66, 0x5b, 0x66, 0x59, 0x66, 0x85, 0xc0, 0x0f, 0x85, 0x15,
  0x00, 0x66, 0x8b, 0xc1, 0x66, 0x0f, 0xb7, 0x0e, 0x10, 0x02, 0x66, 0xba,
  0x12, 0x02, 0x00, 0x00, 0xe8, 0x16, 0xf8, 0xeb, 0x33, 0x90, 0x66, 0x33,
  0xd2, 0x66, 0x8b, 0xc1, 0x66, 0x8b, 0xcb, 0x66, 0x50, 0x66, 0x53, 0xe8,
  0x23, 0x00, 0x66, 0x5b, 0x66, 0x5f, 0x66, 0x0b, 0xc0, 0x0f, 0x84, 0x17,
  0x00, 0x1e, 0x07, 0xe8, 0x35, 0xfd, 0x66, 0x8b, 0xc7, 0x66, 0x0f, 0xb7,
  0x0e, 0x10, 0x02, 0x66, 0xba, 0x12, 0x02, 0x00, 0x00, 0xe8, 0xe1, 0xf7,
  0xc3, 0x66, 0x52, 0x66, 0x51, 0x66, 0xbb, 0x20, 0x00, 0x00, 0x00, 0x66,
  0xb9, 0x00, 0x00, 0x00, 0x00, 0x66, 0xba, 0x00, 0x00, 0x00, 0x00, 0xe8,
  0xc7, 0xf7, 0x66, 0x0b, 0xc0, 0x0f, 0x84, 0x63, 0x00, 0x66, 0x8b, 0xd8,
  0x1e, 0x07, 0x66, 0x8b, 0x3e, 0x1a, 0x02, 0x66, 0x33, 0xc0, 0xe8, 0x59,
  0xf8, 0x1e, 0x07, 0x66, 0x8b, 0x1e, 0x1a, 0x02, 0x66, 0x59, 0x66, 0x5a,
  0x26, 0x66, 0x39, 0x0f, 0x0f, 0x85, 0x0c, 0x00, 0x26, 0x66, 0x39, 0x57,
  0x08, 0x0f, 0x84, 0x31, 0x00, 0xeb, 0x13, 0x90, 0x26, 0x66, 0x83, 0x3f,
  0xff, 0x0f, 0x84, 0x2f, 0x00, 0x26, 0x83, 0x7f, 0x04, 0x00, 0x0f, 0x84,
  0x26, 0x00, 0x26, 0x66, 0x0f, 0xb7, 0x47, 0x04, 0x03, 0xd8, 0x8b, 0xc3,
  0x25, 0x00, 0x80, 0x74, 0xcb, 0x8c, 0xc0, 0x05, 0x00, 0x08, 0x8e, 0xc0,
  0x81, 0xe3, 0xff, 0x7f, 0xeb, 0xbe, 0x26, 0x66, 0x8b, 0x47, 0x10, 0xc3,
  0x66, 0x59, 0x66, 0x5a, 0x66, 0x33, 0xc0, 0xc3, 0x66, 0x50, 0x66, 0x51,
  0x66, 0x8b, 0xc7, 0x66, 0xc1, 0xe8, 0x04, 0x06, 0x59, 0x03, 0xc8, 0x51,
  0x07, 0x66, 0x83, 0xe7, 0x0f, 0x66, 0x59, 0x66, 0x58, 0xc3, 0x60, 0x06,
  0xbe, 0x69, 0x0e, 0xbf, 0x00, 0x20, 0x1e, 0x07, 0xb9, 0x0d, 0x00, 0x90,
  0xf3, 0xa5, 0x07, 0x61, 0xc3, 0x01, 0x23, 0x45, 0x67, 0x89, 0xab, 0xcd,
  0xef, 0xfe, 0xdc, 0xba, 0x98, 0x76, 0x54, 0x32, 0x10, 0xf0, 0xe1, 0xd2,
  0xc3, 0x00, 0x00, 0x00, 0x00, 0x20, 0x20, 0x60, 0x8b, 0x36, 0x18, 0x20,
  0x26, 0x8a, 0x05, 0x88, 0x04, 0x47, 0x46, 0x66, 0xff, 0x06, 0x14, 0x20,
  0x81, 0xfe, 0x60, 0x20, 0x75, 0x06, 0xe8, 0x5b, 0x00, 0xbe, 0x20, 0x20,
  0xe2, 0xe6, 0x89, 0x36, 0x18, 0x20, 0x61, 0xc3, 0x66, 0x60, 0x8b, 0x36,
  0x18, 0x20, 0xb0, 0x80, 0x88, 0x04, 0x46, 0x32, 0xc0, 0x81, 0xfe, 0x60,
  0x20, 0x75, 0x06, 0xe8, 0x3a, 0x00, 0xbe, 0x20, 0x20, 0x81, 0xfe, 0x58,
  0x20, 0x75, 0xe9, 0x66, 0x33, 0xc0, 0x66, 0xa3, 0x58, 0x20, 0x66, 0xa1,
  0x14, 0x20, 0x66, 0xc1, 0xe0, 0x03, 0x66, 0x0f, 0xc8, 0x66, 0xa3, 0x5c,
  0x20, 0xe8, 0x18, 0x00, 0xbb, 0x00, 0x20, 0x66, 0x8b, 0x07, 0x66, 0x0f,
  0xc8, 0x66, 0x89, 0x07, 0x83, 0xc3, 0x04, 0x81, 0xfb, 0x34, 0x20, 0x75,
  0xee, 0x66, 0x61, 0xc3, 0x66, 0x60, 0xbb, 0x20, 0x20, 0x66, 0x8b, 0x07,
  0x66, 0x0f, 0xc8, 0x66, 0x89, 0x07, 0x83, 0xc3, 0x04, 0x81, 0xfb, 0x60,
  0x20, 0x75, 0xee, 0xbb, 0x00, 0x20, 0x66, 0x8b, 0x0f, 0x66, 0x8b, 0x57,
  0x04, 0x66, 0x8b, 0x77, 0x08, 0x66, 0x8b, 0x7f, 0x0c, 0x66, 0x8b, 0x6f,
  0x10, 0xbb, 0x20, 0x20, 0xc7, 0x06, 0x1a, 0x20, 0xdc, 0x0f, 0xc6, 0x06,
  0x1c, 0x20, 0x14, 0x90, 0x53, 0x8b, 0x1e, 0x1a, 0x20, 0xff, 0x17, 0x66,
  0x03, 0x47, 0x02, 0x5b, 0x66, 0x03, 0xe8, 0x66, 0x03, 0x2f, 0x66, 0x8b,
  0xc1, 0x66, 0xc1, 0xc0, 0x05, 0x66, 0x03, 0xc5, 0x66, 0x8b, 0xef, 0x66,
  0x8b, 0xfe, 0x66, 0x8b, 0xf2, 0x66, 0xc1, 0xc6, 0x1e, 0x66, 0x8b, 0xd1,
  0x66, 0x8b, 0xc8, 0x66, 0x8b, 0x07, 0x66, 0x33, 0x47, 0x08, 0x66, 0x33,
  0x47, 0x20, 0x66, 0x33, 0x47, 0x34, 0x66, 0xd1, 0xc0, 0x66, 0x89, 0x47,
  0x40, 0x83, 0xc3, 0x04, 0xfe, 0x0e, 0x1c, 0x20, 0x75, 0xb2, 0x83, 0x06,
  0x1a, 0x20, 0x06, 0x81, 0x3e, 0x1a, 0x20, 0xf4, 0x0f, 0x75, 0x9f, 0xbb,
  0x00, 0x20, 0x66, 0x01, 0x0f, 0x66, 0x01, 0x57, 0x04, 0x66, 0x01, 0x77,
  0x08, 0x66, 0x01, 0x7f, 0x0c, 0x66, 0x01, 0x6f, 0x10, 0x66, 0x61, 0xc3,
  0x66, 0x8b, 0xc6, 0x66, 0x33, 0xc7, 0x66, 0x23, 0xc2, 0x66, 0x33, 0xc7,
  0xc3, 0x66, 0x8b, 0xc2, 0x66, 0x33, 0xc6, 0x66, 0x33, 0xc7, 0xc3, 0x66,
  0x53, 0x66, 0x8b, 0xc2, 0x66, 0x23, 0xc6, 0x66, 0x8b, 0xda, 0x66, 0x23,
  0xdf, 0x66, 0x0b, 0xc3, 0x66, 0x8b, 0xde, 0x66, 0x23, 0xdf, 0x66, 0x0b,
  0xc3, 0x66, 0x5b, 0xc3, 0xa8, 0x0f, 0x99, 0x79, 0x82, 0x5a, 0xb5, 0x0f,
  0xa1, 0xeb, 0xd9, 0x6e, 0xbf, 0x0f, 0xdc, 0xbc, 0x1b, 0x8f, 0xb5, 0x0f,
  0xd6, 0xc1, 0x62, 0xca, 0x06, 0x1e, 0x66, 0x60, 0x66, 0x33, 0xdb, 0xb8,
  0x00, 0xbb, 0xcd, 0x1a, 0x66, 0x23, 0xc0, 0x0f, 0x85, 0xbb, 0x00, 0x66,
  0x81, 0xfb, 0x54, 0x43, 0x50, 0x41, 0x0f, 0x85, 0xb0, 0x00, 0x81, 0xf9,
  0x02, 0x01, 0x0f, 0x82, 0xa8, 0x00, 0x66, 0x61, 0x90, 0x1f, 0x07, 0x06,
  0x1e, 0x66, 0x60, 0x67, 0x80, 0x7b, 0x08, 0x00, 0x0f, 0x85, 0x0c, 0x00,
  0x67, 0x66, 0x8d, 0x53, 0x10, 0x67, 0x66, 0x8b, 0x0a, 0xeb, 0x25, 0x90,
  0x67, 0x66, 0x8d, 0x53, 0x10, 0x67, 0x66, 0x8b, 0x4a, 0x28, 0x66, 0x81,
  0xf9, 0x00, 0x00, 0x08, 0x00, 0x0f, 0x83, 0x0c, 0x00, 0x67, 0x66, 0x8b,
  0x42, 0x2c, 0x66, 0x23, 0xc0, 0x0f, 0x84, 0x03, 0x00, 0x66, 0x33, 0xc9,
  0x0e, 0x1f, 0xe8, 0xf5, 0xfd, 0x66, 0x23, 0xc9, 0x0f, 0x84, 0x32, 0x00,
  0x66, 0xba, 0x00, 0x80, 0x00, 0x00, 0x66, 0x3b, 0xca, 0x0f, 0x86, 0x1f,
  0x00, 0x66, 0x2b, 0xca, 0x06, 0x66, 0x51, 0x66, 0x57, 0x66, 0x52, 0x66,
  0x8b, 0xca, 0xe8, 0xb7, 0xfd, 0xe8, 0xfb, 0xfd, 0x66, 0x5a, 0x66, 0x5f,
  0x66, 0x59, 0x07, 0x66, 0x03, 0xfa, 0xeb, 0xda, 0xe8, 0xa5, 0xfd, 0xe8,
  0xe9, 0xfd, 0xe8, 0x0b, 0xfe, 0x0e, 0x07, 0x66, 0xbb, 0x54, 0x43, 0x50,
  0x41, 0x66, 0xbf, 0x00, 0x20, 0x00, 0x00, 0x66, 0xb9, 0x14, 0x00, 0x00,
  0x00, 0x66, 0xb8, 0x07, 0xbb, 0x00, 0x00, 0x66, 0xba, 0x0a, 0x00, 0x00,
  0x00, 0x66, 0x33, 0xf6, 0xcd, 0x1a, 0x66, 0x61, 0x90, 0x1f, 0x07, 0xc3,
  0x06, 0x1e, 0x66, 0x60, 0x66, 0x33, 0xdb, 0xb8, 0x00, 0xbb, 0xcd, 0x1a,
  0x66, 0x23, 0xc0, 0x0f, 0x85, 0x74, 0x00, 0x66, 0x81, 0xfb, 0x54, 0x43,
  0x50, 0x41, 0x0f, 0x85, 0x69, 0x00, 0x81, 0xf9, 0x02, 0x01, 0x0f, 0x82,
  0x61, 0x00, 0x66, 0xb8, 0x07, 0xbb, 0x00, 0x00, 0x66, 0xbb, 0x54, 0x43,
  0x50, 0x41, 0x66, 0xb9, 0xb8, 0x01, 0x00, 0x00, 0x66, 0xba, 0x04, 0x00,
  0x00, 0x00, 0x66, 0x33, 0xf6, 0x66, 0xbe, 0x4d, 0x42, 0x52, 0x43, 0x68,
  0x00, 0x00, 0x07, 0x66, 0xbf, 0x00, 0x7c, 0x00, 0x00, 0xcd, 0x1a, 0x66,
  0xb8, 0x07, 0xbb, 0x00, 0x00, 0x66, 0xbb, 0x54, 0x43, 0x50, 0x41, 0x66,
  0xb9, 0x42, 0x00, 0x00, 0x00, 0x66, 0xba, 0x05, 0x00, 0x00, 0x00, 0x66,
  0x33, 0xf6, 0x66, 0xbe, 0x4d, 0x42, 0x52, 0x44, 0x68, 0x00, 0x00, 0x07,
  0x66, 0xbf, 0x00, 0x7c, 0x00, 0x00, 0x66, 0x81, 0xc7, 0xbe, 0x01, 0x00,
  0x00, 0xcd, 0x1a, 0x66, 0x61, 0x90, 0x1f, 0x07, 0xc3, 0x66, 0x52, 0x66,
  0x33, 0xc0, 0x67, 0x80, 0x7b, 0x08, 0x00, 0x0f, 0x85, 0x0c, 0x00, 0x67,
  0x66, 0x8d, 0x53, 0x10, 0x67, 0x66, 0x8b, 0x02, 0xeb, 0x0b, 0x90, 0x67,
  0x66, 0x8d, 0x53, 0x10, 0x67, 0x66, 0x8b, 0x42, 0x28, 0x66, 0x5a, 0xc3,
  0x06, 0x1e, 0x66, 0x60, 0x66, 0x0f, 0xb7, 0x0e, 0x66, 0x02, 0x66, 0xb8,
  0x68, 0x02, 0x00, 0x00, 0xe8, 0xfc, 0xfa, 0x66, 0x0b, 0xc0, 0x0f, 0x84,
  0xfa, 0x00, 0x66, 0x0f, 0xb7, 0x0e, 0x76, 0x02, 0x66, 0xb8, 0x78, 0x02,
  0x00, 0x00, 0xe8, 0xe6, 0xfa, 0x66, 0x0b, 0xc0, 0x0f, 0x84, 0xe4, 0x00,
  0x67, 0x66, 0x8b, 0x00, 0x1e, 0x07, 0x66, 0x8b, 0x3e, 0x3e, 0x02, 0xe8,
  0x19, 0xf9, 0x66, 0xa1, 0x3e, 0x02, 0x66, 0xbb, 0x20, 0x00, 0x00, 0x00,
  0x66, 0xb9, 0x00, 0x00, 0x00, 0x00, 0x66, 0xba, 0x00, 0x00, 0x00, 0x00,
  0xe8, 0xbe, 0xf3, 0x66, 0x85, 0xc0, 0x0f, 0x85, 0x23, 0x00, 0x66, 0xa1,
  0x3e, 0x02, 0x66, 0xbb, 0x80, 0x00, 0x00, 0x00, 0x66, 0xb9, 0x00, 0x00,
  0x00, 0x00, 0x66, 0xba, 0x00, 0x00, 0x00, 0x00, 0xe8, 0x9e, 0xf3, 0x66,
  0x0b, 0xc0, 0x0f, 0x85, 0x44, 0x00, 0xe9, 0x93, 0x00, 0x66, 0x33, 0xd2,
  0x66, 0xb9, 0x80, 0x00, 0x00, 0x00, 0x66, 0xa1, 0x3e, 0x02, 0xe8, 0xa4,
  0xfb, 0x66, 0x0b, 0xc0, 0x0f, 0x84, 0x7c, 0x00, 0x1e, 0x07, 0x66, 0x8b,
  0x3e, 0x3e, 0x02, 0xe8, 0xb5, 0xf8, 0x66, 0xa1, 0x3e, 0x02, 0x66, 0xbb,
  0x80, 0x00, 0x00, 0x00, 0x66, 0xb9, 0x00, 0x00, 0x00, 0x00, 0x66, 0xba,
  0x00, 0x00, 0x00, 0x00, 0xe8, 0x5a, 0xf3, 0x66, 0x0b, 0xc0, 0x0f, 0x84,
  0x52, 0x00, 0x66, 0x8b, 0xd0, 0x66, 0x8b, 0xd8, 0xe8, 0x0e, 0xff, 0x66,
  0x3d, 0x00, 0x04, 0x00, 0x00, 0x0f, 0x87, 0x3f, 0x00, 0x67, 0x66, 0x0f,
  0xb7, 0x5a, 0x0c, 0x66, 0x81, 0xe3, 0xff, 0x00, 0x00, 0x00, 0x0f, 0x85,
  0x2e, 0x00, 0x66, 0x8b, 0xda, 0x68, 0x00, 0x20, 0x07, 0x66, 0x2b, 0xff,
  0x66, 0xa1, 0x3e, 0x02, 0xe8, 0xc7, 0xf3, 0x68, 0x00, 0x20, 0x1f, 0x66,
  0x33, 0xd2, 0x67, 0x8a, 0x0a, 0x80, 0xf9, 0x00, 0x0f, 0x84, 0x0c, 0x00,
  0x66, 0x61, 0x90, 0x1f, 0x07, 0x66, 0xb8, 0x01, 0x00, 0x00, 0x00, 0xc3,
  0x66, 0x61, 0x90, 0x1f, 0x07, 0x66, 0xb8, 0x00, 0x00, 0x00, 0x00, 0xc3,
  0x06, 0x1e, 0x66, 0x60, 0x8a, 0x16, 0x0e, 0x00, 0xfe, 0xc2, 0x2b, 0x26,
  0x0b, 0x00, 0xb8, 0x01, 0x02, 0x32, 0xed, 0xb1, 0x01, 0x32, 0xf6, 0x16,
  0x07, 0x8b, 0xdc, 0xcd, 0x13, 0x0f, 0x82, 0x37, 0x00, 0xb9, 0x04, 0x00,
  0x8b, 0xeb, 0x81, 0xc5, 0xbe, 0x01, 0x80, 0x7e, 0x00, 0x00, 0x0f, 0x8c,
  0x0b, 0x00, 0x83, 0xc5, 0x10, 0xe2, 0xf3, 0x03, 0x26, 0x0b, 0x00, 0xeb,
  0xcb, 0x68, 0x00, 0x00, 0x07, 0x16, 0x1f, 0x8b, 0xf3, 0xbf, 0x00, 0x7c,
  0xb9, 0x00, 0x02, 0xfc, 0xf3, 0xa4, 0xe8, 0xdb, 0xfd, 0x68, 0x00, 0x00,
  0x68, 0x00, 0x7c, 0xcb, 0x03, 0x26, 0x0b, 0x00, 0x66, 0x61, 0x90, 0x1f,
  0x07, 0xc3, 0xa1, 0x17, 0x03, 0xe9, 0x69, 0xee, 0xa1, 0xf8, 0x01, 0xe9,
  0x63, 0xee, 0x00, 0x00, 0x00, 0x00, 0x00, 0x00, 0x00, 0x00, 0x00, 0x00,
  0x00, 0x00, 0x00, 0x00, 0x00, 0x00, 0x00, 0x00, 0x00, 0x00, 0x00, 0x00,
  0x00, 0x00, 0x00, 0x00, 0x00, 0x00, 0x00, 0x00, 0x00, 0x00, 0x00, 0x00,
  0x00, 0x00, 0x00, 0x00, 0x00, 0x00, 0x00, 0x00, 0x00, 0x00, 0x00, 0x00,
  0x00, 0x00, 0x00, 0x00, 0x00, 0x00, 0x00, 0x00, 0x00, 0x00, 0x00, 0x00,
  0x00, 0x00, 0x00, 0x00, 0x00, 0x00, 0x00, 0x00, 0x00, 0x00, 0x00, 0x00,
  0x00, 0x00, 0x00, 0x00, 0x00, 0x00, 0x00, 0x00, 0x00, 0x00, 0x00, 0x00,
  0x00, 0x00, 0x00, 0x00, 0x00, 0x00, 0x00, 0x00, 0x00, 0x00, 0x00, 0x00,
  0x00, 0x00, 0x00, 0x00, 0x00, 0x00, 0x00, 0x00, 0x00, 0x00, 0x00, 0x00,
  0x00, 0x00, 0x00, 0x00, 0x00, 0x00, 0x00, 0x00, 0x00, 0x00, 0x00, 0x00,
  0x00, 0x00, 0x00, 0x00, 0x00, 0x00, 0x00, 0x00, 0x00, 0x00, 0x00, 0x00,
  0x00, 0x00, 0x00, 0x00, 0x00, 0x00, 0x00, 0x00, 0x00, 0x00, 0x00, 0x00,
  0x00, 0x00, 0x00, 0x00, 0x00, 0x00, 0x00, 0x00, 0x00, 0x00, 0x00, 0x00,
  0x00, 0x00, 0x00, 0x00, 0x00, 0x00, 0x00, 0x00, 0x00, 0x00, 0x00, 0x00,
  0x00, 0x00, 0x00, 0x00, 0x00, 0x00, 0x00, 0x00, 0x00, 0x00, 0x00, 0x00,
  0x00, 0x00, 0x00, 0x00, 0x00, 0x00, 0x00, 0x00, 0x00, 0x00, 0x00, 0x00,
  0x00, 0x00, 0x00, 0x00, 0x00, 0x00, 0x00, 0x00, 0x00, 0x00, 0x00, 0x00,
  0x00, 0x00, 0x00, 0x00, 0x00, 0x00, 0x00, 0x00, 0x00, 0x00, 0x00, 0x00,
  0x00, 0x00, 0x00, 0x00, 0x00, 0x00, 0x00, 0x00, 0x00, 0x00, 0x00, 0x00,
  0x00, 0x00, 0x00, 0x00, 0x00, 0x00, 0x00, 0x00, 0x00, 0x00, 0x00, 0x00,
  0x00, 0x00, 0x00, 0x00, 0x00, 0x00, 0x00, 0x00
};

static unsigned char grldr_pbr[] = {
  0xeb, 0x58, 0x90, 0x00, 0x00, 0x00, 0x00, 0x00, 0x00, 0x00, 0x00, 0x00,
  0x00, 0x00, 0x00, 0x00, 0x00, 0x00, 0x00, 0x00, 0x00, 0x00, 0x00, 0x00,
  0x00, 0x00, 0x00, 0x00, 0x00, 0x00, 0x00, 0x00, 0x00, 0x00, 0x00, 0x00,
  0x00, 0x00, 0x00, 0x00, 0x00, 0x00, 0x00, 0x00, 0x00, 0x00, 0x00, 0x00,
  0x00, 0x00, 0x00, 0x00, 0x00, 0x00, 0x00, 0x00, 0x00, 0x00, 0x00, 0x00,
  0x00, 0x00, 0x00, 0x00, 0x00, 0x00, 0x00, 0x00, 0x00, 0x00, 0x00, 0x00,
  0x00, 0x00, 0x00, 0x00, 0x00, 0x00, 0x00, 0x00, 0x00, 0x00, 0x46, 0x41,
  0x54, 0x33, 0x32, 0x20, 0x20, 0x20, 0xfa, 0xfc, 0x31, 0xc0, 0xbd, 0x00,
  0x7c, 0x89, 0xec, 0x8e, 0xd0, 0xfb, 0x50, 0x89, 0x56, 0x40, 0xb4, 0x41,
  0xbb, 0xaa, 0x55, 0xcd, 0x13, 0x1f, 0x72, 0x0f, 0x81, 0xfb, 0x55, 0xaa,
  0x75, 0x09, 0xd0, 0xc9, 0x73, 0x05, 0xc6, 0x06, 0x86, 0x7d, 0x42, 0x31,
  0xdb, 0x66, 0x31, 0xc0, 0x66, 0x89, 0x46, 0x44, 0x8b, 0x46, 0x0e, 0x66,
  0x03, 0x46, 0x1c, 0x66, 0x89, 0x46, 0x48, 0x66, 0x89, 0x46, 0x4c, 0x66,
  0x8b, 0x46, 0x10, 0x66, 0xf7, 0x66, 0x24, 0x66, 0x01, 0x46, 0x4c, 0x66,
  0x8b, 0x46, 0x2c, 0x66, 0x50, 0xe8, 0x8c, 0x00, 0xbe, 0xe0, 0x7d, 0x0f,
  0x82, 0xeb, 0x00, 0x68, 0x00, 0x20, 0x07, 0x06, 0xe8, 0x99, 0x00, 0x07,
  0x31, 0xff, 0xb9, 0x0b, 0x00, 0xbe, 0xe3, 0x7d, 0xf3, 0xa6, 0x74, 0x15,
  0x83, 0xc7, 0x20, 0x83, 0xe7, 0xe0, 0x3b, 0x7e, 0x0b, 0x75, 0xeb, 0x4a,
  0x75, 0xdd, 0x66, 0x58, 0xe8, 0x29, 0x00, 0xeb, 0xca, 0x26, 0xff, 0x75,
  0x09, 0x26, 0xff, 0x75, 0x0f, 0x66, 0x58, 0x66, 0x50, 0xe8, 0x4c, 0x00,
  0x73, 0x09, 0x8b, 0x56, 0x40, 0x52, 0xea, 0x00, 0x00, 0x00, 0x20, 0xe8,
  0x5a, 0x00, 0x4a, 0x75, 0xfa, 0x66, 0x58, 0xe8, 0x02, 0x00, 0xeb, 0xe3,
  0x06, 0x66, 0xc1, 0xe0, 0x02, 0x66, 0x0f, 0xb7, 0x5e, 0x0b, 0x66, 0xf7,
  0xf3, 0x66, 0x03, 0x46, 0x48, 0xbb, 0x60, 0x00, 0x8e, 0xc3, 0x31, 0xdb,
  0x66, 0x3b, 0x46, 0x44, 0x74, 0x09, 0x66, 0x89, 0x46, 0x44, 0x06, 0xe8,
  0x2a, 0x00, 0x07, 0x26, 0x67, 0x80, 0x62, 0x03, 0x0f, 0x26, 0x67, 0x66,
  0x8b, 0x02, 0x07, 0xc3, 0x66, 0x3d, 0xf8, 0xff, 0xff, 0x0f, 0xf5, 0x72,
  0x12, 0x66, 0x48, 0x66, 0x48, 0x66, 0x0f, 0xb6, 0x56, 0x0d, 0x52, 0x66,
  0xf7, 0xe2, 0x5a, 0x66, 0x03, 0x46, 0x4c, 0xc3, 0x66, 0x60, 0x66, 0x31,
  0xd2, 0x66, 0x52, 0x66, 0x50, 0x06, 0x52, 0x6a, 0x01, 0x6a, 0x10, 0x66,
  0x31, 0xc9, 0x66, 0xff, 0x76, 0x18, 0x59, 0x66, 0xf7, 0xf1, 0x42, 0x59,
  0x52, 0x31, 0xd2, 0x66, 0xf7, 0xf1, 0x86, 0xd6, 0x59, 0x86, 0xc5, 0xc0,
  0xe4, 0x06, 0x08, 0xe1, 0xb8, 0x01, 0x02, 0x89, 0xe6, 0x8a, 0x56, 0x40,
  0x06, 0x1e, 0xcd, 0x13, 0x1f, 0x5b, 0x72, 0x0b, 0x8d, 0x5f, 0x20, 0x8e,
  0xc3, 0x61, 0x66, 0x61, 0x66, 0x40, 0xc3, 0xbe, 0xef, 0x7d, 0xac, 0xb4,
  0x0e, 0xcd, 0x10, 0x3c, 0x00, 0x75, 0xf7, 0xeb, 0xfe, 0x00, 0x00, 0x00,
  0x00, 0x00, 0x00, 0x00, 0x00, 0x00, 0x00, 0x00, 0x00, 0x00, 0x00, 0x00,
  0x00, 0x00, 0x00, 0x00, 0x00, 0x00, 0x00, 0x00, 0x00, 0x00, 0x00, 0x00,
  0x00, 0x00, 0x00, 0x00, 0x00, 0x00, 0x00, 0x00, 0x00, 0x00, 0x00, 0x00,
  0x00, 0x00, 0x00, 0x00, 0x00, 0x00, 0x00, 0x00, 0x00, 0x00, 0x00, 0x00,
  0x4e, 0x6f, 0x20, 0x47, 0x52, 0x4c, 0x44, 0x52, 0x20, 0x20, 0x20, 0x20,
  0x20, 0x20, 0x00, 0x44, 0x69, 0x73, 0x6b, 0x20, 0x65, 0x72, 0x72, 0x6f,
  0x72, 0x00, 0x00, 0x00, 0x00, 0x00, 0x55, 0xaa, 0xeb, 0x3c, 0x90, 0x00,
  0x00, 0x00, 0x00, 0x00, 0x00, 0x00, 0x00, 0x00, 0x00, 0x00, 0x00, 0x00,
  0x00, 0x00, 0x00, 0x00, 0x00, 0x00, 0x00, 0x00, 0x00, 0x00, 0x00, 0x00,
  0x00, 0x00, 0x00, 0x00, 0x00, 0x00, 0x00, 0x00, 0x00, 0x00, 0x00, 0x00,
  0x00, 0x00, 0x00, 0x00, 0x00, 0x00, 0x00, 0x00, 0x00, 0x00, 0x00, 0x00,
  0x00, 0x00, 0x46, 0x41, 0x54, 0x31, 0x32, 0x2f, 0x31, 0x36, 0xfa, 0xfc,
  0x31, 0xc0, 0xbd, 0x00, 0x7c, 0x89, 0xec, 0x8e, 0xd0, 0x8e, 0xd8, 0x8e,
  0xc0, 0xfb, 0x89, 0x56, 0x24, 0xb4, 0x41, 0xbb, 0xaa, 0x55, 0x1e, 0x06,
  0xcd, 0x13, 0x07, 0x1f, 0x72, 0x10, 0x81, 0xfb, 0x55, 0xaa, 0x75, 0x0a,
  0xc0, 0xc9, 0x01, 0x73, 0x05, 0xc6, 0x06, 0x73, 0x7d, 0x42, 0x66, 0x0f,
  0xb7, 0x5e, 0x0e, 0x66, 0x03, 0x5e, 0x1c, 0x66, 0x89, 0x5e, 0x28, 0x66,
  0x0f, 0xb6, 0x46, 0x10, 0x66, 0x0f, 0xb7, 0x4e, 0x16, 0x66, 0xf7, 0xe1,
  0x66, 0x01, 0xc3, 0x66, 0x89, 0x5e, 0x2c, 0x8b, 0x46, 0x11, 0x83, 0xc0,
  0x0f, 0xb9, 0x10, 0x00, 0xf7, 0xf1, 0x66, 0x98, 0x89, 0xc1, 0x66, 0x01,
  0xc3, 0x66, 0x89, 0x5e, 0x30, 0x66, 0x8b, 0x46, 0x2c, 0xc4, 0x9e, 0x8e,
  0x01, 0xe8, 0x8e, 0x00, 0xc4, 0xbe, 0x8e, 0x01, 0xbe, 0xe3, 0x7d, 0xb1,
  0x0b, 0x57, 0xf3, 0xa6, 0x5f, 0x74, 0x10, 0x83, 0xc7, 0x20, 0x74, 0x05,
  0x26, 0x38, 0x2d, 0x75, 0xeb, 0xbe, 0xe0, 0x7d, 0xe9, 0xc6, 0x00, 0x26,
  0xff, 0x75, 0x1a, 0x8b, 0x4e, 0x16, 0x66, 0x8b, 0x46, 0x28, 0x06, 0xe8,
  0x60, 0x00, 0x1f, 0x58, 0x1e, 0x16, 0x07, 0xbf, 0x00, 0x20, 0xab, 0x89,
  0xc6, 0x5a, 0x52, 0x01, 0xf6, 0x73, 0x03, 0x80, 0xc6, 0x10, 0x81, 0x7e,
  0x39, 0x31, 0x32, 0x75, 0x13, 0x01, 0xc6, 0xc1, 0xee, 0x01, 0xad, 0x73,
  0x03, 0xc1, 0xe8, 0x04, 0x80, 0xe4, 0x0f, 0x3d, 0xf7, 0x0f, 0xeb, 0x06,
  0x8e, 0xda, 0xad, 0x83, 0xf8, 0xf7, 0x76, 0xd2, 0x31, 0xc0, 0xab, 0x07,
  0x16, 0x1f, 0xbe, 0x00, 0x20, 0xad, 0x83, 0xe8, 0x02, 0x72, 0x13, 0x66,
  0x0f, 0xb7, 0xc0, 0x8a, 0x4e, 0x0d, 0x66, 0xf7, 0xe1, 0x66, 0x03, 0x46,
  0x30, 0xe8, 0x0a, 0x00, 0xeb, 0xe7, 0x8b, 0x56, 0x24, 0x52, 0xff, 0xae,
  0x8e, 0x01, 0x66, 0x60, 0x66, 0x31, 0xd2, 0x66, 0x52, 0x66, 0x50, 0x06,
  0x53, 0x6a, 0x01, 0x6a, 0x10, 0x80, 0x3e, 0x73, 0x7d, 0x42, 0x74, 0x1d,
  0x66, 0x31, 0xc9, 0x66, 0xff, 0x76, 0x18, 0x59, 0x66, 0xf7, 0xf1, 0x42,
  0x59, 0x52, 0x31, 0xd2, 0x66, 0xf7, 0xf1, 0x86, 0xd6, 0x59, 0x86, 0xc5,
  0xc0, 0xe4, 0x06, 0x08, 0xe1, 0xb8, 0x01, 0x02, 0x89, 0xe6, 0x8a, 0x56,
  0x24, 0x1e, 0x06, 0xcd, 0x13, 0x5b, 0x1f, 0x72, 0x11, 0x8d, 0x5f, 0x20,
  0x8e, 0xc3, 0x61, 0x66, 0x61, 0x66, 0x40, 0xe2, 0xb1, 0xc3, 0x00, 0x00,
  0x00, 0x20, 0xbe, 0xef, 0x7d, 0xac, 0xb4, 0x0e, 0xcd, 0x10, 0x3c, 0x00,
  0x75, 0xf7, 0xeb, 0xfe, 0x00, 0x00, 0x00, 0x00, 0x00, 0x00, 0x00, 0x00,
  0x00, 0x00, 0x00, 0x00, 0x00, 0x00, 0x00, 0x00, 0x00, 0x00, 0x00, 0x00,
  0x00, 0x00, 0x00, 0x00, 0x00, 0x00, 0x00, 0x00, 0x00, 0x00, 0x00, 0x00,
  0x00, 0x00, 0x00, 0x00, 0x00, 0x00, 0x00, 0x00, 0x00, 0x00, 0x00, 0x00,
  0x00, 0x00, 0x00, 0x00, 0x00, 0x00, 0x00, 0x00, 0x00, 0x00, 0x00, 0x00,
  0x00, 0x00, 0x00, 0x00, 0x00, 0x00, 0x00, 0x00, 0x4e, 0x6f, 0x20, 0x47,
  0x52, 0x4c, 0x44, 0x52, 0x20, 0x20, 0x20, 0x20, 0x20, 0x20, 0x00, 0x44,
  0x69, 0x73, 0x6b, 0x20, 0x65, 0x72, 0x72, 0x6f, 0x72, 0x00, 0x00, 0x00,
  0x00, 0x00, 0x55, 0xaa, 0xeb, 0x2e, 0x90, 0x45, 0x58, 0x54, 0x32, 0x2f,
  0x33, 0x2f, 0x34, 0x00, 0x00, 0x00, 0x00, 0x00, 0x00, 0x00, 0x00, 0x00,
  0x00, 0x00, 0x00, 0x00, 0x00, 0x00, 0x00, 0x00, 0x00, 0x00, 0x00, 0x00,
  0x00, 0x00, 0x00, 0x00, 0x00, 0x00, 0x00, 0x00, 0x00, 0x00, 0x00, 0x00,
  0x00, 0x00, 0x00, 0x00, 0xfc, 0x31, 0xc0, 0x8e, 0xd0, 0x8e, 0xd8, 0x8e,
  0xe0, 0xbc, 0x00, 0x7c, 0x89, 0xe5, 0x50, 0xbb, 0x00, 0x10, 0x53, 0x50,
  0x88, 0x56, 0x24, 0xc7, 0x46, 0x0b, 0x00, 0x02, 0xb4, 0x41, 0xbb, 0xaa,
  0x55, 0x1e, 0xcd, 0x13, 0x1f, 0x72, 0x09, 0xd0, 0xc9, 0x73, 0x05, 0xc6,
  0x06, 0x6b, 0x7d, 0x42, 0x52, 0xb4, 0x08, 0x1e, 0xcd, 0x13, 0x1f, 0xfe,
  0xc6, 0x88, 0x76, 0x1a, 0x80, 0xe1, 0x3f, 0x88, 0x4e, 0x18, 0x5a, 0x66,
  0x31, 0xc0, 0x31, 0xdb, 0x68, 0x00, 0x06, 0x07, 0xb9, 0x01, 0x00, 0xe8,
  0xb7, 0x00, 0xbe, 0xbe, 0x61, 0xb9, 0x04, 0x00, 0x80, 0x3c, 0x80, 0x74,
  0x12, 0x83, 0xc6, 0x10, 0xe2, 0xf6, 0x66, 0xc7, 0x46, 0x1c, 0x00, 0x00,
  0x00, 0x00, 0x66, 0x31, 0xc0, 0xeb, 0x08, 0x66, 0x8b, 0x44, 0x08, 0x66,
  0x89, 0x46, 0x1c, 0x66, 0x40, 0x68, 0xe0, 0x07, 0x07, 0xb9, 0x03, 0x00,
  0xe8, 0x86, 0x00, 0x81, 0x3e, 0x38, 0x80, 0x53, 0xef, 0x0f, 0x85, 0xc9,
  0x00, 0xbe, 0x00, 0x80, 0x8b, 0x44, 0x58, 0x85, 0xc0, 0x75, 0x03, 0xb8,
  0x80, 0x00, 0x89, 0x46, 0x26, 0x8a, 0x4c, 0x18, 0x66, 0xb8, 0x02, 0x00,
  0x00, 0x00, 0xd3, 0xe0, 0x88, 0x46, 0x0d, 0xc1, 0xe0, 0x09, 0x89, 0x46,
  0x0e, 0xc1, 0xe8, 0x02, 0x66, 0x89, 0x46, 0x14, 0x80, 0xc1, 0x08, 0x66,
  0xd3, 0xe0, 0x66, 0x89, 0x46, 0x10, 0x66, 0x8b, 0x44, 0x28, 0x66, 0x89,
  0x46, 0x28, 0x66, 0x8b, 0x44, 0x04, 0x8a, 0x4e, 0x0d, 0xfe, 0xc9, 0x66,
  0xd3, 0xe0, 0x66, 0x89, 0x46, 0x20, 0xf6, 0x44, 0x60, 0x80, 0x74, 0x04,
  0x80, 0x4e, 0x02, 0x40, 0xf6, 0x44, 0x60, 0x10, 0x74, 0x0b, 0x66, 0x8b,
  0x84, 0x04, 0x01, 0x66, 0x89, 0x46, 0x2c, 0xeb, 0x09, 0x66, 0x8b, 0x44,
  0x14, 0x40, 0x66, 0x89, 0x46, 0x2c, 0x66, 0x31, 0xc9, 0x66, 0x31, 0xc0,
  0xb0, 0x02, 0xe9, 0xc7, 0x00, 0x66, 0x60, 0x66, 0x31, 0xd2, 0x66, 0x52,
  0x66, 0x50, 0x06, 0x53, 0x6a, 0x01, 0x6a, 0x10, 0x80, 0x3e, 0x6b, 0x7d,
  0x42, 0x74, 0x1b, 0x66, 0xff, 0x76, 0x18, 0x59, 0x66, 0xf7, 0xf1, 0x42,
  0x59, 0x52, 0x31, 0xd2, 0x66, 0xf7, 0xf1, 0x86, 0xd6, 0x59, 0x86, 0xc5,
  0xc0, 0xe4, 0x06, 0x08, 0xe1, 0x40, 0xb4, 0x02, 0x89, 0xe6, 0x8a, 0x56,
  0x24, 0x06, 0x1e, 0xcd, 0x13, 0x1f, 0x5b, 0x72, 0x0d, 0x8d, 0x5f, 0x20,
  0x8e, 0xc3, 0x61, 0x66, 0x61, 0x66, 0x40, 0xe2, 0xb4, 0xc3, 0xbe, 0xf0,
  0x7d, 0xac, 0xb4, 0x0e, 0xcd, 0x10, 0x3c, 0x00, 0x75, 0xf7, 0xeb, 0xfe,
  0x00, 0x00, 0x00, 0x00, 0x00, 0x00, 0x00, 0x00, 0x00, 0x00, 0x00, 0x00,
  0x00, 0x00, 0x00, 0x00, 0x00, 0x00, 0x00, 0x00, 0x00, 0x00, 0x00, 0x00,
  0x00, 0x00, 0x00, 0x00, 0x00, 0x00, 0x00, 0x00, 0x00, 0x00, 0x00, 0x00,
  0x00, 0x00, 0x00, 0x00, 0x00, 0x00, 0x00, 0x00, 0x00, 0x00, 0x00, 0x00,
  0x00, 0x00, 0x00, 0x00, 0x00, 0x00, 0x00, 0x00, 0x00, 0x00, 0x00, 0x00,
  0x00, 0x00, 0x00, 0x00, 0x00, 0x00, 0x00, 0x00, 0x00, 0x00, 0x00, 0x00,
  0x00, 0x00, 0x00, 0x00, 0x4e, 0x6f, 0x20, 0x47, 0x52, 0x4c, 0x44, 0x52,
  0x00, 0x00, 0x00, 0x00, 0x00, 0x00, 0x00, 0x00, 0x44, 0x69, 0x73, 0x6b,
  0x20, 0x65, 0x72, 0x72, 0x6f, 0x72, 0x00, 0x00, 0x00, 0x00, 0x55, 0xaa,
  0xbf, 0x00, 0x10, 0x57, 0x16, 0x9c, 0x66, 0x48, 0x66, 0x99, 0x66, 0xf7,
  0x76, 0x28, 0x66, 0x52, 0x66, 0x99, 0x66, 0xc1, 0xe0, 0x05, 0xf6, 0x46,
  0x02, 0x40, 0x74, 0x04, 0x66, 0xc1, 0xe0, 0x01, 0x66, 0xf7, 0x76, 0x0e,
  0x52, 0x66, 0x03, 0x46, 0x2c, 0xe8, 0x81, 0x01, 0x5e, 0x66, 0x58, 0x8b,
  0x56, 0x26, 0x66, 0xf7, 0xe2, 0x66, 0xf7, 0x76, 0x0e, 0x52, 0x66, 0x03,
  0x40, 0x08, 0xe8, 0x6c, 0x01, 0x5e, 0x01, 0xde, 0x66, 0xf7, 0x44, 0x20,
  0x00, 0x00, 0x08, 0x00, 0x0f, 0x85, 0x18, 0x01, 0x16, 0x07, 0x8d, 0x7f,
  0xa8, 0xb1, 0x2c, 0xf3, 0xa5, 0x66, 0x89, 0x4d, 0xb4, 0x66, 0x8b, 0x45,
  0xac, 0x66, 0x48, 0x66, 0x99, 0x66, 0xf7, 0x76, 0x0e, 0x66, 0x40, 0x66,
  0x89, 0x45, 0xb0, 0x66, 0xad, 0x66, 0x85, 0xc0, 0x74, 0x1b, 0xb7, 0x80,
  0xe8, 0x2f, 0x01, 0x66, 0xad, 0x66, 0x85, 0xc0, 0x74, 0x0f, 0xb7, 0xc0,
  0xe8, 0x23, 0x01, 0x66, 0xad, 0x66, 0x85, 0xc0, 0x74, 0x03, 0xe8, 0x1c,
  0x01, 0x66, 0x8b, 0x5d, 0xb4, 0x66, 0x83, 0xeb, 0x0c, 0x72, 0x52, 0x53,
  0x66, 0x2b, 0x5e, 0x14, 0x58, 0x73, 0x05, 0x80, 0xc4, 0x1c, 0xeb, 0x44,
  0x66, 0x53, 0x66, 0x2b, 0x5e, 0x10, 0x72, 0x1c, 0x66, 0x58, 0x66, 0x93,
  0x66, 0xf7, 0x76, 0x10, 0x66, 0x52, 0x66, 0x85, 0xd2, 0x75, 0x0d, 0xc1,
  0xe0, 0x02, 0x93, 0x66, 0x8b, 0x01, 0xbb, 0x00, 0xc0, 0xe8, 0xde, 0x00,
  0x66, 0x58, 0x66, 0x99, 0x66, 0xf7, 0x76, 0x14, 0x52, 0x85, 0xd2, 0x75,
  0x0f, 0xc1, 0xe0, 0x02, 0x93, 0x66, 0x8b, 0x81, 0x00, 0xb0, 0xbb, 0x00,
  0x80, 0xe8, 0xc2, 0x00, 0x58, 0x80, 0xc4, 0x1c, 0x93, 0xc1, 0xe3, 0x02,
  0x66, 0x8b, 0x01, 0x9d, 0x5b, 0x07, 0x9c, 0xe8, 0xb3, 0x00, 0x9d, 0x06,
  0x53, 0x9c, 0x72, 0x4e, 0x31, 0xf6, 0x16, 0x07, 0x1e, 0x8e, 0xdf, 0xbf,
  0xe3, 0x7d, 0x57, 0x26, 0x80, 0x3d, 0x00, 0x74, 0x13, 0x26, 0x80, 0x3d,
  0x41, 0x72, 0x0a, 0x26, 0x80, 0x3d, 0x5a, 0x77, 0x04, 0x26, 0x80, 0x0d,
  0x20, 0x47, 0xeb, 0xe7, 0x5f, 0x56, 0x66, 0xad, 0x66, 0x50, 0xad, 0x92,
  0xad, 0x30, 0xe4, 0x91, 0xf3, 0xa6, 0x75, 0x02, 0x91, 0xae, 0x66, 0x58,
  0x5e, 0x8c, 0xdf, 0x1f, 0xf9, 0x0f, 0x84, 0xbf, 0xfe, 0x01, 0xd6, 0x3b,
  0x76, 0x0e, 0x72, 0xbc, 0x8c, 0xe0, 0x09, 0xc0, 0x75, 0x0c, 0x66, 0xff,
  0x45, 0xb4, 0x66, 0xff, 0x4d, 0xb0, 0x0f, 0x85, 0x37, 0xff, 0xbe, 0xe0,
  0x7d, 0x0f, 0x83, 0x28, 0xfe, 0x8b, 0x56, 0x24, 0x52, 0x57, 0x16, 0xcb,
  0x83, 0xc6, 0x28, 0x81, 0x3c, 0x0a, 0xf3, 0x0f, 0x85, 0x13, 0xfe, 0x8b,
  0x4c, 0x02, 0x83, 0x7c, 0x06, 0x00, 0x74, 0x11, 0x83, 0xc6, 0x0c, 0xb4,
  0x40, 0x9e, 0x66, 0x8b, 0x44, 0x04, 0xe8, 0x24, 0x00, 0x89, 0xde, 0xeb,
  0xde, 0xc4, 0x5e, 0xfa, 0x83, 0xc6, 0x0c, 0x66, 0x8b, 0x44, 0x08, 0x51,
  0x8b, 0x4c, 0x04, 0xe8, 0x1c, 0x00, 0x59, 0xe2, 0xef, 0x9d, 0x9c, 0x72,
  0xbc, 0x8e, 0xe6, 0xe9, 0x56, 0xff, 0x16, 0x07, 0xf9, 0x72, 0x08, 0xc4,
  0x5e, 0xfc, 0x75, 0x03, 0xc4, 0x5e, 0xfa, 0xb9, 0x01, 0x00, 0x66, 0x0f,
  0xb6, 0x56, 0x0d, 0x0f, 0xaf, 0xca, 0x66, 0x0f, 0xaf, 0xc2, 0x66, 0x03,
  0x46, 0x1c, 0xe8, 0x6c, 0xfd, 0x0f, 0x82, 0xb5, 0xfd, 0xc3, 0x00, 0x00,
  0x00, 0x00, 0x00, 0x00, 0x00, 0x00, 0x00, 0x00, 0x00, 0x00, 0x00, 0x00,
  0x00, 0x00, 0x00, 0x00, 0x00, 0x00, 0x00, 0x00, 0x00, 0x00, 0x00, 0x00,
  0x00, 0x00, 0x00, 0x00, 0x00, 0x00, 0x00, 0x00, 0x00, 0x00, 0x00, 0x00,
  0x00, 0x00, 0x00, 0x00, 0x00, 0x00, 0x55, 0xaa, 0xeb, 0x76, 0x90, 0x45,
  0x58, 0x46, 0x41, 0x54, 0x20, 0x20, 0x20, 0x00, 0x00, 0x00, 0x00, 0x00,
  0x00, 0x00, 0x00, 0x00, 0x00, 0x00, 0x00, 0x00, 0x00, 0x00, 0x00, 0x00,
  0x00, 0x00, 0x00, 0x00, 0x00, 0x00, 0x00, 0x00, 0x00, 0x00, 0x00, 0x00,
  0x00, 0x00, 0x00, 0x00, 0x00, 0x00, 0x00, 0x00, 0x00, 0x00, 0x00, 0x00,
  0x00, 0x00, 0x00, 0x00, 0x00, 0x00, 0x00, 0x00, 0x00, 0x00, 0x00, 0x00,
  0x00, 0x00, 0x00, 0x00, 0x00, 0x00, 0x00, 0x00, 0x00, 0x00, 0x00, 0x00,
  0x00, 0x00, 0x00, 0x00, 0x00, 0x00, 0x00, 0x00, 0x00, 0x00, 0x00, 0x00,
  0x00, 0x00, 0x00, 0x00, 0x00, 0x00, 0x00, 0x00, 0x00, 0x00, 0x00, 0x00,
  0x00, 0x00, 0x00, 0x00, 0x00, 0x00, 0x00, 0x00, 0x00, 0x00, 0x00, 0x00,
  0x00, 0x00, 0x00, 0x00, 0x00, 0x00, 0x00, 0x00, 0xfa, 0xfc, 0x31, 0xc0,
  0xbd, 0x00, 0x7c, 0x8e, 0xd0, 0x89, 0xec, 0xfb, 0x50, 0x89, 0x56, 0x24,
  0x8a, 0x4e, 0x6c, 0xb8, 0x01, 0x00, 0xd3, 0xe0, 0x89, 0x46, 0x0b, 0xb4,
  0x41, 0xbb, 0xaa, 0x55, 0xcd, 0x13, 0x72, 0x0a, 0xd0, 0xc9, 0x73, 0x06,
  0x80, 0x4e, 0x16, 0x80, 0xeb, 0x0d, 0xb4, 0x08, 0xcd, 0x13, 0x88, 0x76,
  0x1a, 0x80, 0xe1, 0x3f, 0x88, 0x4e, 0x18, 0x1f, 0x66, 0x8b, 0x46, 0x50,
  0x66, 0x03, 0x46, 0x40, 0xf6, 0x46, 0x6a, 0x01, 0x74, 0x04, 0x66, 0x03,
  0x46, 0x54, 0x66, 0x89, 0x46, 0x28, 0x66, 0x8b, 0x46, 0x58, 0x66, 0x03,
  0x46, 0x40, 0x66, 0x89, 0x46, 0x0e, 0x8a, 0x4e, 0x6d, 0xb8, 0x01, 0x00,
  0xd3, 0xe0, 0x89, 0x46, 0x26, 0x66, 0x8b, 0x46, 0x40, 0x66, 0x89, 0x46,
  0x1c, 0x68, 0xe0, 0x07, 0x07, 0xb9, 0x0c, 0x00, 0xe8, 0x7e, 0x00, 0x0f,
  0x82, 0x66, 0x02, 0x31, 0xf6, 0x66, 0x31, 0xc0, 0xb9, 0x00, 0x16, 0x66,
  0xc1, 0xc8, 0x01, 0x66, 0x0f, 0xb6, 0x9c, 0x00, 0x7e, 0x66, 0x01, 0xd8,
  0x46, 0x83, 0xfe, 0x6a, 0x74, 0xfa, 0x83, 0xfe, 0x6b, 0x74, 0xf5, 0x83,
  0xfe, 0x70, 0x74, 0xf0, 0x39, 0xce, 0x72, 0xdf, 0xbf, 0x00, 0x94, 0x66,
  0x3b, 0x05, 0x74, 0x31, 0x1e, 0x07, 0xb9, 0x80, 0x00, 0x66, 0xf3, 0xab,
  0x68, 0xe0, 0x07, 0x07, 0x06, 0xc6, 0x06, 0xa6, 0x7d, 0x03, 0xc6, 0x06,
  0xaa, 0x7d, 0x43, 0x66, 0x8b, 0x46, 0x40, 0xb9, 0x0c, 0x00, 0x51, 0xe8,
  0x27, 0x00, 0x59, 0x07, 0xe8, 0x22, 0x00, 0xc6, 0x06, 0xa6, 0x7d, 0x02,
  0xc6, 0x06, 0xaa, 0x7d, 0x42, 0x1e, 0x07, 0xbe, 0x00, 0x80, 0xbf, 0x00,
  0x7e, 0xb9, 0x80, 0x00, 0x66, 0xf3, 0xa5, 0x66, 0x8b, 0x46, 0x60, 0xe8,
  0xdb, 0x01, 0xe9, 0x8f, 0x00, 0x66, 0x60, 0x66, 0x31, 0xd2, 0x66, 0x52,
  0x66, 0x50, 0x06, 0x6a, 0x00, 0x6a, 0x01, 0x6a, 0x10, 0x89, 0xe6, 0xf6,
  0x46, 0x16, 0x80, 0x75, 0x20, 0x66, 0x0f, 0xb7, 0x4e, 0x18, 0x66, 0xf7,
  0xf1, 0x42, 0x52, 0x66, 0x50, 0x58, 0x5a, 0xf7, 0x76, 0x1a, 0x86, 0xd6,
  0x59, 0x86, 0xc5, 0xc0, 0xcc, 0x02, 0x08, 0xe1, 0xb8, 0x01, 0x02, 0xeb,
  0x02, 0xb4, 0x42, 0x8a, 0x56, 0x24, 0x1e, 0x06, 0xcd, 0x13, 0x5b, 0x1f,
  0x9c, 0x8d, 0x5f, 0x20, 0x8e, 0xc3, 0x9d, 0x61, 0x66, 0x61, 0x72, 0x05,
  0x66, 0x40, 0xe2, 0xad, 0xf8, 0xc3, 0x00, 0x00, 0x00, 0x00, 0x00, 0x00,
  0x00, 0x00, 0x00, 0x00, 0x00, 0x00, 0x00, 0x00, 0x00, 0x00, 0x00, 0x00,
  0x00, 0x00, 0x00, 0x00, 0x00, 0x00, 0x00, 0x00, 0x4e, 0x6f, 0x20, 0x47,
  0x52, 0x4c, 0x44, 0x52, 0x00, 0x00, 0x00, 0x00, 0x00, 0x00, 0x00, 0x00,
  0x44, 0x69, 0x73, 0x6b, 0x20, 0x65, 0x72, 0x72, 0x6f, 0x72, 0x00, 0x00,
  0x00, 0x00, 0x55, 0xaa, 0xc4, 0x9e, 0x6c, 0x03, 0x66, 0x89, 0xc6, 0xeb,
  0x0b, 0xbf, 0xe0, 0xff, 0x83, 0xc7, 0x20, 0x3b, 0x7e, 0x0b, 0x72, 0x09,
  0xe8, 0x78, 0x00, 0x0f, 0x82, 0x42, 0x01, 0xeb, 0xec, 0x26, 0x80, 0x3d,
  0x00, 0x0f, 0x84, 0x33, 0x01, 0x26, 0x80, 0x3d, 0xc0, 0x75, 0xe1, 0x26,
  0x8a, 0x4d, 0x03, 0x57, 0x83, 0xc7, 0x22, 0x66, 0x56, 0xbe, 0xe3, 0x7d,
  0x26, 0x80, 0x3d, 0x61, 0x72, 0x0a, 0x26, 0x80, 0x3d, 0x7a, 0x77, 0x04,
  0x26, 0x80, 0x25, 0xdf, 0xa6, 0x75, 0x2d, 0x47, 0xe2, 0xea, 0x80, 0x3c,
  0x00, 0x75, 0x25, 0x66, 0x5e, 0x5f, 0x26, 0x66, 0x8b, 0x45, 0x18, 0x8a,
  0x4e, 0x6c, 0x66, 0xd3, 0xe8, 0x40, 0x50, 0x26, 0xf6, 0x45, 0x01, 0x02,
  0x74, 0x13, 0x26, 0x66, 0x8b, 0x45, 0x14, 0xe8, 0xd7, 0x00, 0x59, 0xe8,
  0xfb, 0xfe, 0xeb, 0x0e, 0x66, 0x5e, 0x5f, 0xeb, 0x8f, 0x59, 0x26, 0x66,
  0x8b, 0x45, 0x14, 0xe8, 0x5b, 0x00, 0x8b, 0x56, 0x24, 0x52, 0xea, 0x00,
  0x00, 0x00, 0x20, 0x06, 0x66, 0x89, 0xf0, 0xb9, 0x01, 0x00, 0xe8, 0xd8,
  0xfe, 0x72, 0x43, 0x66, 0x50, 0x66, 0x2b, 0x46, 0x0e, 0x66, 0x31, 0xd2,
  0x66, 0x0f, 0xb7, 0x4e, 0x26, 0x66, 0xf7, 0xf1, 0x3b, 0x56, 0x26, 0x66,
  0x58, 0x72, 0x20, 0x66, 0x8b, 0x46, 0x60, 0xe8, 0x56, 0x00, 0x66, 0x89,
  0x46, 0x60, 0x72, 0x0e, 0x31, 0xc0, 0x31, 0xff, 0x66, 0x31, 0xf6, 0xb9,
  0x00, 0x01, 0xf3, 0xab, 0xeb, 0x11, 0xe8, 0x78, 0x00, 0xeb, 0x00, 0x66,
  0x89, 0xc6, 0xb9, 0x01, 0x00, 0xe8, 0x95, 0xfe, 0x73, 0x01, 0xf9, 0x07,
  0xc3, 0x06, 0x57, 0x8b, 0x7e, 0x26, 0x66, 0x50, 0x51, 0xe8, 0x5d, 0x00,
  0x59, 0x39, 0xf9, 0x72, 0x07, 0x29, 0xf9, 0x51, 0x89, 0xf9, 0xeb, 0x02,
  0x6a, 0x00, 0xe8, 0x74, 0xfe, 0x59, 0x66, 0x58, 0x72, 0x0b, 0x09, 0xc9,
  0x74, 0x07, 0x51, 0xe8, 0x06, 0x00, 0x59, 0x72, 0xd9, 0x5f, 0x07, 0xc3,
  0x53, 0x06, 0xc4, 0x9e, 0x70, 0x03, 0x66, 0xc1, 0xe0, 0x02, 0x66, 0x31,
  0xd2, 0x66, 0x0f, 0xb7, 0x4e, 0x0b, 0x66, 0xf7, 0xf1, 0x66, 0x03, 0x46,
  0x28, 0x52, 0x66, 0x39, 0x46, 0x12, 0x74, 0x0c, 0x66, 0x89, 0x46, 0x12,
  0xb9, 0x01, 0x00, 0x06, 0xe8, 0x36, 0xfe, 0x07, 0x5b, 0x26, 0x66, 0x0f,
  0xb7, 0x07, 0x66, 0x83, 0xf8, 0xf8, 0x07, 0x5b, 0xc3, 0x66, 0x48, 0x66,
  0x48, 0x8a, 0x4e, 0x6d, 0x66, 0xd3, 0xe0, 0x66, 0x03, 0x46, 0x0e, 0xc3,
  0xbe, 0xe0, 0x7d, 0xeb, 0x03, 0xbe, 0xf0, 0x7d, 0xac, 0xb4, 0x0e, 0xcd,
  0x10, 0x3c, 0x00, 0x75, 0xf7, 0xe9, 0xe8, 0x00, 0x00, 0x00, 0x00, 0x20,
  0x00, 0x00, 0x60, 0x00, 0x00, 0x00, 0x00, 0x00, 0x00, 0x00, 0x00, 0x00,
  0x00, 0x00, 0x00, 0x00, 0x00, 0x00, 0x00, 0x00, 0x00, 0x00, 0x00, 0x00,
  0x00, 0x00, 0x00, 0x00, 0x00, 0x00, 0x00, 0x00, 0x00, 0x00, 0x00, 0x00,
  0x00, 0x00, 0x00, 0x00, 0x00, 0x00, 0x00, 0x00, 0x00, 0x00, 0x00, 0x00,
  0x00, 0x00, 0x00, 0x00, 0x00, 0x00, 0x00, 0x00, 0x00, 0x00, 0x00, 0x00,
  0x00, 0x00, 0x00, 0x00, 0x00, 0x00, 0x00, 0x00, 0x00, 0x00, 0x00, 0x00,
  0x00, 0x00, 0x00, 0x00, 0x00, 0x00, 0x00, 0x00, 0x00, 0x00, 0x00, 0x00,
  0x00, 0x00, 0x00, 0x00, 0x00, 0x00, 0x00, 0x00, 0x00, 0x00, 0x00, 0x00,
  0x00, 0x00, 0x00, 0x00, 0x00, 0x00, 0x00, 0x00, 0x00, 0x00, 0x00, 0x00,
  0x00, 0x00, 0x00, 0x00, 0x00, 0x00, 0x00, 0x00, 0x00, 0x00, 0x00, 0x00,
  0x00, 0x00, 0x00, 0x00, 0x00, 0x00, 0x00, 0x00, 0x00, 0x00, 0x00, 0x00,
  0x00, 0x00, 0x00, 0x00, 0x00, 0x00, 0x00, 0x00, 0x00, 0x00, 0x55, 0xaa,
  0xeb, 0x52, 0x90, 0x4e, 0x54, 0x46, 0x53, 0x20, 0x20, 0x20, 0x20, 0x00,
  0x00, 0x00, 0x00, 0x00, 0x00, 0x00, 0x00, 0x00, 0x00, 0xf8, 0x00, 0x00,
  0xff, 0x00, 0x3f, 0x00, 0x00, 0x00, 0x00, 0x00, 0x00, 0x00, 0x00, 0x00,
  0x80, 0x00, 0x80, 0x00, 0x00, 0x00, 0x00, 0x00, 0x00, 0x00, 0x00, 0x00,
  0x00, 0x00, 0x00, 0x00, 0x00, 0x00, 0x00, 0x00, 0x00, 0x00, 0x00, 0x00,
  0x00, 0x00, 0x00, 0x00, 0x00, 0x00, 0x00, 0x00, 0x04, 0x00, 0x00, 0x00,
  0x00, 0x00, 0x00, 0x00, 0x00, 0x00, 0x00, 0x00, 0x00, 0x00, 0x00, 0x00,
  0xfa, 0xfc, 0xb6, 0xff, 0x31, 0xc0, 0xbd, 0x00, 0x7c, 0x8e, 0xd0, 0x8d,
  0x66, 0xe0, 0xfb, 0x89, 0x56, 0xfe, 0x50, 0xb4, 0x41, 0xbb, 0xaa, 0x55,
  0xcd, 0x13, 0x1f, 0x72, 0x0f, 0x81, 0xfb, 0x55, 0xaa, 0x75, 0x09, 0xd0,
  0xc9, 0x73, 0x05, 0xc6, 0x86, 0xa9, 0x01, 0x42, 0x16, 0x07, 0x66, 0x81,
  0xbe, 0xfc, 0x07, 0x47, 0x52, 0x55, 0x42, 0x74, 0x13, 0xbb, 0x00, 0x7e,
  0x66, 0x8b, 0x86, 0x1c, 0x00, 0x66, 0x40, 0xe8, 0xe1, 0x00, 0xe8, 0xde,
  0x00, 0xe8, 0xdb, 0x00, 0x66, 0x31, 0xc0, 0x8b, 0x46, 0x0b, 0x89, 0x46,
  0xfc, 0xe8, 0x8c, 0x00, 0x88, 0xcb, 0x8a, 0x46, 0x0d, 0xe8, 0x84, 0x00,
  0x88, 0xcd, 0x00, 0xdd, 0x80, 0xed, 0x09, 0x88, 0x6e, 0xfb, 0x8a, 0x46,
  0x44, 0xe8, 0x65, 0x00, 0x80, 0xf9, 0x03, 0x76, 0x05, 0xb0, 0x01, 0xe9,
  0xf9, 0x00, 0x88, 0x4e, 0xf9, 0x8a, 0x46, 0x40, 0xe8, 0x52, 0x00, 0x80,
  0xf9, 0x01, 0x75, 0xed, 0x88, 0x4e, 0xfa, 0x66, 0x8b, 0x46, 0x30, 0x88,
  0xe9, 0x66, 0xd3, 0xe0, 0x66, 0x03, 0x86, 0x1c, 0x00, 0x66, 0x89, 0x46,
  0xf4, 0xba, 0x01, 0x00, 0x8a, 0x4e, 0xfa, 0xd3, 0xe2, 0x89, 0xd1, 0xbb,
  0x00, 0x20, 0x53, 0xe8, 0x79, 0x00, 0xe2, 0xfb, 0x5b, 0x81, 0x3f, 0x46,
  0x49, 0x75, 0x6c, 0x89, 0xd1, 0xe8, 0x34, 0x00, 0x89, 0xdf, 0xb0, 0x80,
  0xe8, 0x41, 0x02, 0x72, 0x5e, 0xbb, 0x00, 0x38, 0x66, 0x31, 0xc0, 0xb0,
  0x05, 0xe8, 0x8b, 0x03, 0x89, 0xdf, 0xe9, 0xd7, 0x00, 0x08, 0xc0, 0x78,
  0x04, 0x88, 0xe9, 0xeb, 0x09, 0xf6, 0xd8, 0x2c, 0x09, 0x88, 0xc1, 0xc3,
  0x30, 0xc9, 0xfe, 0xc1, 0x66, 0xd1, 0xe8, 0x73, 0xf9, 0xfe, 0xc9, 0xc3,
  0x53, 0x57, 0x89, 0xdf, 0x8b, 0x47, 0x06, 0x48, 0x89, 0xc3, 0xf7, 0x66,
  0xfc, 0xc1, 0xe1, 0x09, 0x39, 0xc1, 0x75, 0x1f, 0x89, 0xd9, 0x89, 0xfb,
  0x03, 0x5f, 0x04, 0x8b, 0x07, 0x83, 0xef, 0x02, 0x03, 0x7e, 0xfc, 0x83,
  0xc3, 0x02, 0x3b, 0x05, 0x75, 0x09, 0x8b, 0x17, 0x89, 0x15, 0xe2, 0xf0,
  0x5f, 0x5b, 0xc3, 0xb0, 0x02, 0xeb, 0x4c, 0x66, 0x60, 0x66, 0x31, 0xd2,
  0x66, 0x52, 0x66, 0x50, 0x06, 0x53, 0x6a, 0x01, 0x6a, 0x10, 0x66, 0x31,
  0xc9, 0x66, 0xff, 0x76, 0x18, 0x59, 0x66, 0xf7, 0xf1, 0x42, 0x59, 0x52,
  0x31, 0xd2, 0x66, 0xf7, 0xf1, 0x86, 0xd6, 0x59, 0x86, 0xc5, 0xc0, 0xe4,
  0x06, 0x08, 0xe1, 0xb8, 0x01, 0x02, 0x89, 0xe6, 0x8a, 0x56, 0xfe, 0xcd,
  0x13, 0x61, 0x66, 0x61, 0x72, 0x1b, 0x66, 0x40, 0x03, 0x5e, 0x0b, 0x73,
  0x09, 0x52, 0x8c, 0xc2, 0x80, 0xc6, 0x10, 0x8e, 0xc2, 0x5a, 0xc3, 0x00,
  0x86, 0xf0, 0x01, 0xeb, 0x04, 0x00, 0x00, 0x00, 0x20, 0xbe, 0xf0, 0x7d,
  0xac, 0xb4, 0x0e, 0xcd, 0x10, 0x3c, 0x00, 0x75, 0xf7, 0xeb, 0x15, 0x00,
  0x4e, 0x6f, 0x20, 0x47, 0x52, 0x4c, 0x44, 0x52, 0x00, 0x00, 0x00, 0x00,
  0x00, 0x00, 0x00, 0x00, 0x30, 0x00, 0x00, 0x00, 0xeb, 0xfe, 0x00, 0x00,
  0x00, 0x00, 0x00, 0x00, 0x00, 0x00, 0x55, 0xaa, 0xe8, 0x6f, 0x01, 0xb0,
  0x90, 0xe8, 0x85, 0x01, 0x0f, 0x82, 0xbe, 0x00, 0x66, 0x81, 0x7c, 0x08,
  0x00, 0x04, 0x18, 0x00, 0x75, 0xef, 0x03, 0x74, 0x14, 0x80, 0x3c, 0x30,
  0x75, 0xe7, 0x83, 0xc6, 0x10, 0x03, 0x34, 0xe8, 0xf5, 0x00, 0x0f, 0x83,
  0xa7, 0x00, 0xe8, 0x45, 0x01, 0xb0, 0xb0, 0xe8, 0x5b, 0x01, 0x0f, 0x82,
  0x94, 0x00, 0x8b, 0x5c, 0x09, 0x80, 0xfb, 0x04, 0x75, 0xf1, 0x80, 0x7c,
  0x08, 0x00, 0x75, 0x09, 0xff, 0x74, 0x10, 0x03, 0x74, 0x14, 0x56, 0xeb,
  0x1b, 0xff, 0x74, 0x30, 0x66, 0x31, 0xd2, 0x66, 0x8b, 0x4c, 0x28, 0x81,
  0xf9, 0x00, 0x10, 0x77, 0x6d, 0x66, 0xc1, 0xe9, 0x09, 0xbb, 0x00, 0x60,
  0x53, 0xe8, 0xb9, 0x02, 0xb0, 0xa0, 0xe8, 0xeb, 0x00, 0x72, 0x5b, 0x66,
  0x81, 0x7c, 0x08, 0x01, 0x04, 0x40, 0x00, 0x75, 0xf1, 0x8a, 0x4e, 0xf9,
  0x66, 0x31, 0xdb, 0xb3, 0x01, 0x66, 0xd3, 0xe3, 0x66, 0x31, 0xd2, 0x5e,
  0x59, 0x51, 0xac, 0xb9, 0x08, 0x00, 0x51, 0x50, 0xa8, 0x01, 0x74, 0x2a,
  0x56, 0x66, 0x52, 0x66, 0x53, 0x66, 0x89, 0xd9, 0xbb, 0x00, 0x50, 0xe8,
  0x3a, 0x02, 0x72, 0x26, 0x81, 0x3f, 0x49, 0x4e, 0x75, 0x20, 0xe8, 0x97,
  0xfe, 0x89, 0xde, 0x83, 0xc6, 0x18, 0x03, 0x34, 0xe8, 0x64, 0x00, 0x73,
  0x18, 0x66, 0x5b, 0x66, 0x5a, 0x5e, 0x66, 0x01, 0xda, 0x58, 0xd0, 0xe8,
  0x59, 0xe2, 0xc7, 0x59, 0xe2, 0xbf, 0x8d, 0xb6, 0xe0, 0x01, 0xe9, 0x03,
  0xff, 0x83, 0x7c, 0x04, 0x00, 0x0f, 0x85, 0xf0, 0xfd, 0x66, 0x8b, 0x04,
  0x89, 0xfb, 0xe8, 0xce, 0x01, 0xb0, 0x80, 0xe8, 0x72, 0x00, 0x72, 0x2e,
  0x80, 0x7c, 0x08, 0x01, 0x74, 0x0e, 0x8b, 0x4c, 0x10, 0xc4, 0xbe, 0xcd,
  0x01, 0x03, 0x74, 0x14, 0xf3, 0xa4, 0xeb, 0x12, 0x66, 0x31, 0xd2, 0x66,
  0x8b, 0x4c, 0x28, 0x66, 0xc1, 0xe9, 0x09, 0xc4, 0x9e, 0xcd, 0x01, 0xe8,
  0x13, 0x02, 0x8b, 0x56, 0xfe, 0x52, 0xff, 0xae, 0xcd, 0x01, 0xb0, 0x04,
  0xe9, 0xac, 0xfe, 0x89, 0xf3, 0xf6, 0x47, 0x0c, 0x02, 0x74, 0x02, 0xf9,
  0xc3, 0x31, 0xc9, 0x56, 0x8d, 0xb6, 0xe3, 0x01, 0x83, 0xc3, 0x52, 0x8a,
  0x4f, 0xfe, 0xac, 0x8a, 0x27, 0x80, 0xfc, 0x61, 0x72, 0x08, 0x80, 0xfc,
  0x7a, 0x77, 0x03, 0x80, 0xec, 0x20, 0x38, 0xe0, 0x75, 0x0c, 0x43, 0x43,
  0xe2, 0xe8, 0x80, 0x3c, 0x00, 0x75, 0x03, 0x5e, 0xf8, 0xc3, 0x5e, 0x03,
  0x74, 0x08, 0xeb, 0xc3, 0xe8, 0x17, 0x00, 0xe8, 0x2f, 0x00, 0x72, 0x11,
  0xf6, 0x05, 0x04, 0x75, 0x0b, 0xe8, 0x25, 0x00, 0x73, 0xf6, 0xe8, 0x05,
  0x00, 0xe8, 0x1d, 0x00, 0xf8, 0xc3, 0x50, 0x31, 0xc0, 0x89, 0x05, 0x89,
  0x45, 0x06, 0x8b, 0x45, 0x14, 0x01, 0xf8, 0x89, 0x45, 0x04, 0x58, 0x81,
  0xff, 0x00, 0x20, 0x75, 0x03, 0x80, 0x0d, 0x02, 0xc3, 0x8b, 0x5d, 0x04,
  0xf6, 0x05, 0x04, 0x75, 0x66, 0x89, 0xde, 0x80, 0x3c, 0xff, 0x74, 0x16,
  0x80, 0x3c, 0x20, 0x75, 0x03, 0x89, 0x75, 0x06, 0x03, 0x5f, 0x04, 0x38,
  0x04, 0x75, 0xea, 0x89, 0x5d, 0x04, 0x89, 0x75, 0x02, 0xc3, 0x83, 0x7d,
  0x06, 0x01, 0x72, 0xf9, 0x8b, 0x75, 0x06, 0x80, 0x7c, 0x08, 0x00, 0x75,
  0x0a, 0x89, 0xf3, 0x03, 0x5f, 0x14, 0x03, 0x74, 0x04, 0xeb, 0x22, 0x66,
  0x8b, 0x4c, 0x28, 0x66, 0xc1, 0xe9, 0x09, 0x83, 0xf9, 0x08, 0x0f, 0x87,
  0x9d, 0xfd, 0x8d, 0x9d, 0x00, 0x08, 0x50, 0x66, 0x31, 0xd2, 0xe8, 0x3c,
  0x01, 0x58, 0x72, 0xc9, 0x8b, 0x74, 0x30, 0x01, 0xde, 0x89, 0x75, 0x06,
  0x80, 0x0d, 0x04, 0xf6, 0x05, 0x02, 0x74, 0x03, 0xe8, 0x5c, 0x00, 0x89,
  0xde, 0x3b, 0x5d, 0x06, 0x72, 0x02, 0xf9, 0xc3, 0x03, 0x5f, 0x04, 0x38,
  0x04, 0x75, 0xf0, 0x50, 0x06, 0x1e, 0x07, 0x89, 0x75, 0x02, 0x89, 0x5d,
  0x04, 0x66, 0x8b, 0x44, 0x10, 0x8d, 0x9d, 0x00, 0x04, 0xf6, 0x05, 0x02,
  0x75, 0x05, 0xe8, 0x8a, 0x00, 0xeb, 0x1a, 0x53, 0xe8, 0x50, 0xfd, 0x66,
  0x8b, 0x44, 0x14, 0xe8, 0x49, 0xfd, 0x5b, 0x81, 0x3f, 0x46, 0x49, 0x0f,
  0x85, 0x3c, 0xfd, 0xb9, 0x02, 0x00, 0xe8, 0x03, 0xfd, 0x07, 0x58, 0x03,
  0x5f, 0x14, 0x80, 0x3f, 0xff, 0x74, 0xb7, 0x38, 0x07, 0x74, 0x05, 0x03,
  0x5f, 0x04, 0xeb, 0xf2, 0x89, 0xde, 0xc3, 0x50, 0x80, 0x0d, 0x08, 0x3b,
  0x5d, 0x06, 0x0f, 0x83, 0x15, 0xfd, 0x38, 0x07, 0x74, 0x05, 0x03, 0x5f,
  0x04, 0xeb, 0xf0, 0x89, 0x5d, 0x02, 0x66, 0x8b, 0x46, 0xf4, 0x66, 0x89,
  0x47, 0x10, 0x66, 0x40, 0x66, 0x89, 0x47, 0x14, 0x03, 0x5f, 0x04, 0x3b,
  0x5d, 0x06, 0x73, 0x23, 0x80, 0x3f, 0x80, 0x75, 0x1e, 0x66, 0x8b, 0x57,
  0x10, 0x8a, 0x4e, 0xfa, 0x66, 0xd3, 0xe2, 0xe8, 0x46, 0x00, 0x66, 0x09,
  0xc0, 0x0f, 0x84, 0xda, 0xfc, 0x66, 0x89, 0x47, 0x10, 0x66, 0x89, 0x57,
  0x14, 0xeb, 0xd5, 0x8b, 0x5d, 0x02, 0x80, 0x25, 0xf7, 0x58, 0xc3, 0x57,
  0xbf, 0x00, 0x20, 0x8a, 0x4e, 0xfa, 0x66, 0xd3, 0xe0, 0x66, 0x89, 0xc2,
  0x66, 0xb8, 0x01, 0x00, 0x00, 0x00, 0x66, 0xd3, 0xe0, 0x66, 0x89, 0xc1,
  0xe8, 0x11, 0x00, 0x0f, 0x82, 0xa8, 0xfc, 0x81, 0x3f, 0x46, 0x49, 0x0f,
  0x85, 0xa0, 0xfc, 0xe8, 0x6a, 0xfc, 0x5f, 0xc3, 0xff, 0x75, 0x02, 0x66,
  0x52, 0x66, 0x51, 0x53, 0x8b, 0x75, 0x02, 0x8a, 0x04, 0xf6, 0x05, 0x04,
  0x74, 0x1e, 0x89, 0xf3, 0x8a, 0x4e, 0xfb, 0x66, 0xd3, 0xea, 0x3b, 0x5d,
  0x06, 0x73, 0x11, 0x38, 0x07, 0x75, 0x0d, 0x66, 0x39, 0x57, 0x08, 0x77,
  0x07, 0x89, 0xde, 0x03, 0x5f, 0x04, 0xeb, 0xea, 0x89, 0x75, 0x04, 0xe8,
  0x7b, 0xfe, 0x5b, 0x66, 0x59, 0x66, 0x5a, 0x72, 0x04, 0xe8, 0x05, 0x00,
  0xf8, 0x8f, 0x45, 0x02, 0xc3, 0x51, 0x53, 0xf6, 0x44, 0x08, 0x01, 0x0f,
  0x84, 0x4c, 0xfc, 0x8a, 0x44, 0x0c, 0x24, 0x01, 0x08, 0x05, 0x66, 0x89,
  0x4d, 0x1c, 0x8a, 0x4e, 0xfb, 0x66, 0x89, 0xd0, 0x66, 0xd3, 0xe8, 0x66,
  0x89, 0x45, 0x18, 0x66, 0xd3, 0xe0, 0x66, 0x29, 0xc2, 0x66, 0x89, 0x55,
  0x20, 0x31, 0xd2, 0x66, 0x89, 0x55, 0x10, 0x66, 0x8b, 0x54, 0x10, 0x03,
  0x74, 0x20, 0xe8, 0xc7, 0x00, 0x66, 0x3b, 0x55, 0x18, 0x76, 0xf7, 0x8a,
  0x4e, 0xfb, 0x66, 0x09, 0xc0, 0x74, 0x47, 0x66, 0x8b, 0x45, 0x18, 0x66,
  0x2b, 0x45, 0x08, 0x66, 0x03, 0x45, 0x10, 0x66, 0xd3, 0xe0, 0x66, 0x03,
  0x45, 0x20, 0xf6, 0x05, 0x08, 0x74, 0x2a, 0x66, 0x50, 0x66, 0x40, 0x66,
  0x2b, 0x55, 0x08, 0x66, 0x03, 0x55, 0x10, 0x66, 0xd3, 0xe2, 0x66, 0x39,
  0xc2, 0x75, 0x0c, 0x51, 0xe8, 0x89, 0x00, 0x59, 0x66, 0x8b, 0x45, 0x10,
  0x66, 0xd3, 0xe0, 0x66, 0x89, 0xc2, 0x66, 0x58, 0x66, 0x03, 0x96, 0x1c,
  0x00, 0x66, 0x03, 0x86, 0x1c, 0x00, 0xf6, 0x05, 0x08, 0x75, 0x4a, 0x66,
  0x53, 0x66, 0x89, 0xd3, 0x66, 0x2b, 0x5d, 0x18, 0x66, 0xd3, 0xe3, 0x66,
  0x89, 0xd9, 0x66, 0x5b, 0x66, 0x2b, 0x4d, 0x20, 0x66, 0xc7, 0x45, 0x20,
  0x00, 0x00, 0x00, 0x00, 0x66, 0x3b, 0x4d, 0x1c, 0x76, 0x04, 0x66, 0x8b,
  0x4d, 0x1c, 0x66, 0x51, 0x66, 0x09, 0xc0, 0x75, 0x05, 0xe8, 0xc7, 0x00,
  0xeb, 0x05, 0xe8, 0x8e, 0xfb, 0xe2, 0xfb, 0x66, 0x59, 0x66, 0x29, 0x4d,
  0x1c, 0x76, 0x0a, 0x66, 0x89, 0x55, 0x18, 0xe8, 0x26, 0x00, 0xe9, 0x62,
  0xff, 0x5b, 0x59, 0xc3, 0x66, 0x31, 0xc0, 0x84, 0xc9, 0x74, 0x13, 0x51,
  0xac, 0x66, 0xc1, 0xc8, 0x08, 0xfe, 0xc9, 0x75, 0xf7, 0x59, 0xf6, 0xd9,
  0x80, 0xc1, 0x04, 0xc0, 0xe1, 0x03, 0xc3, 0xb0, 0x03, 0xe9, 0xa3, 0xfb,
  0xac, 0x88, 0xc1, 0x88, 0xcd, 0x80, 0xe1, 0x0f, 0x74, 0x1d, 0xc0, 0xed,
  0x04, 0xe8, 0xd0, 0xff, 0x66, 0xd3, 0xe8, 0x66, 0x89, 0x55, 0x08, 0x66,
  0x01, 0xc2, 0x88, 0xe9, 0xe8, 0xc1, 0xff, 0x66, 0xd3, 0xf8, 0x66, 0x01,
  0x45, 0x10, 0xc3, 0xf6, 0x05, 0x04, 0x74, 0xcf, 0x66, 0x52, 0x53, 0x8b,
  0x75, 0x02, 0x8a, 0x04, 0xe8, 0x32, 0xfd, 0x72, 0xc2, 0x80, 0x7c, 0x08,
  0x00, 0x74, 0xbc, 0x66, 0xc7, 0x45, 0x10, 0x00, 0x00, 0x00, 0x00, 0x5b,
  0x66, 0x5a, 0x03, 0x74, 0x20, 0xeb, 0xb1, 0x55, 0x89, 0xe5, 0x66, 0x31,
  0xc0, 0x87, 0x46, 0x06, 0x66, 0xc1, 0xe0, 0x04, 0x66, 0x03, 0x46, 0x04,
  0x5d, 0xc2, 0x04, 0x00, 0x55, 0x89, 0xe5, 0x66, 0xc1, 0x66, 0x04, 0x0c,
  0xc1, 0x6e, 0x04, 0x0c, 0x5d, 0xc3, 0x1e, 0x56, 0xe8, 0xd8, 0xff, 0x66,
  0x50, 0xe8, 0xe8, 0xff, 0x5e, 0x1f, 0x06, 0x57, 0xe8, 0xcc, 0xff, 0x66,
  0x50, 0xe8, 0xdc, 0xff, 0x5f, 0x07, 0xc3, 0x57, 0x66, 0x52, 0x66, 0xc1,
  0xe1, 0x09, 0xf6, 0x05, 0x01, 0x74, 0x43, 0x66, 0x31, 0xd2, 0x8a, 0x55,
  0x18, 0x80, 0xe2, 0x0f, 0x74, 0x38, 0x89, 0xdf, 0x51, 0x8a, 0x4e, 0xfb,
  0x80, 0xc1, 0x09, 0x66, 0xd3, 0xe2, 0x06, 0x57, 0xe8, 0x9c, 0xff, 0x66,
  0x29, 0xd0, 0x66, 0xc7, 0x46, 0xf0, 0x10, 0x00, 0x00, 0x00, 0x66, 0xd3,
  0x66, 0xf0, 0x59, 0x66, 0x01, 0xd1, 0x66, 0x2b, 0x4e, 0xf0, 0x66, 0x51,
  0xe8, 0x39, 0x00, 0x66, 0x59, 0x66, 0x03, 0x4e, 0xf0, 0x67, 0xe3, 0x2a,
  0x89, 0xfb, 0x89, 0xdf, 0x66, 0x89, 0xca, 0x66, 0x31, 0xc0, 0x66, 0x89,
  0xc1, 0xe8, 0x96, 0xff, 0xb9, 0x00, 0x80, 0x66, 0x39, 0xd1, 0x76, 0x02,
  0x89, 0xd1, 0x51, 0xc1, 0xe9, 0x02, 0x66, 0xf3, 0xab, 0xe8, 0x82, 0xff,
  0x59, 0x66, 0x29, 0xca, 0x75, 0xe6, 0x89, 0xfb, 0x66, 0x5a, 0x5f, 0xc3,
  0x1e, 0x56, 0xfc, 0x66, 0x50, 0xe8, 0x54, 0xff, 0x5e, 0x1f, 0x66, 0x8b,
  0x56, 0xf0, 0x66, 0x01, 0xd0, 0x66, 0x50, 0xe8, 0x46, 0xff, 0x5f, 0x07,
  0x06, 0x57, 0x1e, 0x56, 0x66, 0x31, 0xc9, 0xb9, 0x00, 0x80, 0x66, 0x39,
  0xd1, 0x76, 0x02, 0x89, 0xd1, 0x51, 0xc1, 0xe9, 0x02, 0x66, 0xf3, 0xa5,
  0xe8, 0x37, 0xff, 0x59, 0x66, 0x29, 0xca, 0x75, 0xe6, 0x5f, 0x07, 0x5e,
  0x1f, 0x66, 0x31, 0xd2, 0xad, 0xf6, 0xc4, 0x80, 0x75, 0x0a, 0xb9, 0x00,
  0x08, 0xf3, 0xa5, 0xba, 0x00, 0x10, 0xeb, 0x5d, 0x89, 0xc1, 0x81, 0xe1,
  0xff, 0x0f, 0x41, 0x01, 0xf1, 0x30, 0xff, 0x81, 0xfa, 0x00, 0x10, 0x77,
  0x5e, 0x08, 0xff, 0x75, 0x05, 0xac, 0x88, 0xc3, 0xb7, 0x08, 0xf6, 0xc3,
  0x01, 0x74, 0x34, 0x89, 0xd0, 0x48, 0x51, 0x53, 0xb1, 0x0c, 0x83, 0xf8,
  0x10, 0x72, 0x06, 0xd1, 0xe8, 0xfe, 0xc9, 0xeb, 0xf5, 0xad, 0x89, 0xc3,
  0xd3, 0xeb, 0x52, 0xba, 0x01, 0x00, 0xd3, 0xe2, 0x4a, 0x21, 0xd0, 0x5a,
  0x83, 0xc0, 0x03, 0x89, 0xc1, 0xf7, 0xdb, 0x4b, 0x26, 0x8a, 0x01, 0xaa,
  0x42, 0xe2, 0xf9, 0x5b, 0x59, 0xeb, 0x02, 0xa4, 0x42, 0xd0, 0xeb, 0xfe,
  0xcf, 0x39, 0xce, 0x72, 0xae, 0xe8, 0xba, 0xfe, 0x66, 0x29, 0x56, 0xf0,
  0x74, 0x06, 0x81, 0xfa, 0x00, 0x10, 0x74, 0x81, 0x5e, 0x1f, 0xc3, 0x16,
  0x1f, 0xb0, 0x05, 0xe9, 0xd5, 0xf9, 0x00, 0x00, 0x00, 0x00, 0x00, 0x00,
  0x00, 0x00, 0x00, 0x00, 0x47, 0x52, 0x55, 0x42, 0xeb, 0x0e, 0x90, 0x55,
  0x44, 0x46, 0x00, 0x00, 0x00, 0x00, 0x00, 0x00, 0x68, 0x69, 0x64, 0x65,
  0xfa, 0x31, 0xdb, 0x8e, 0xd3, 0xbc, 0x00, 0x7c, 0xfb, 0xe8, 0x00, 0x00,
  0x5b, 0x81, 0xeb, 0x1c, 0x00, 0xc1, 0xeb, 0x04, 0x8c, 0xc8, 0x01, 0xc3,
  0x53, 0x68, 0x2d, 0x00, 0xcb, 0x8e, 0xdb, 0x8e, 0xc3, 0xbd, 0x01, 0x00,
  0xbb, 0x00, 0x10, 0x66, 0xa1, 0x0c, 0x00, 0x66, 0x85, 0xc0, 0x75, 0x02,
  0xb6, 0xff, 0x66, 0x05, 0x00, 0x01, 0x00, 0x00, 0xe8, 0xbd, 0x00, 0x66,
  0x8b, 0x47, 0x14, 0x66, 0x03, 0x06, 0x0c, 0x00, 0xe8, 0xb1, 0x00, 0x83,
  0x3f, 0x05, 0x74, 0x04, 0x66, 0x40, 0xeb, 0xf4, 0x66, 0x8b, 0x87, 0xbc,
  0x00, 0x66, 0x03, 0x06, 0x0c, 0x00, 0x66, 0xa3, 0x07, 0x00, 0xe8, 0x97,
  0x00, 0x66, 0x8b, 0x87, 0x94, 0x01, 0x66, 0x03, 0x06, 0x07, 0x00, 0xe8,
  0x8a, 0x00, 0xbf, 0xc0, 0x09, 0xe8, 0xcd, 0x00, 0x0f, 0x82, 0xb9, 0x00,
  0xbb, 0x00, 0x20, 0xf6, 0x47, 0x12, 0x02, 0x75, 0x45, 0x66, 0x8b, 0x47,
  0x18, 0x8b, 0x77, 0x24, 0x8a, 0x4f, 0x13, 0x08, 0xc9, 0x74, 0x37, 0xfe,
  0xc9, 0xc6, 0x06, 0x06, 0x00, 0x00, 0x80, 0x78, 0x26, 0x08, 0x74, 0x07,
  0x80, 0x0e, 0x06, 0x00, 0x01, 0xd0, 0xe9, 0x8d, 0x70, 0x27, 0x80, 0x3e,
  0x06, 0x00, 0x01, 0x75, 0x01, 0x46, 0xbf, 0xf3, 0x01, 0x80, 0x3d, 0x00,
  0x74, 0x2a, 0x80, 0x24, 0xdf, 0xa6, 0x75, 0x0a, 0x80, 0x3e, 0x06, 0x00,
  0x01, 0x75, 0xee, 0x46, 0xeb, 0xeb, 0x0f, 0xb6, 0x4f, 0x13, 0x03, 0x4f,
  0x24, 0x01, 0xcb, 0x83, 0xc3, 0x26, 0xb9, 0x05, 0x00, 0x81, 0x3f, 0x01,
  0x01, 0x74, 0xa0, 0x43, 0xe2, 0xf7, 0xeb, 0x51, 0x66, 0x03, 0x06, 0x07,
  0x00, 0xbb, 0x00, 0x10, 0xe8, 0x0d, 0x00, 0xbf, 0x00, 0x20, 0xe8, 0x50,
  0x00, 0x72, 0x3e, 0xea, 0x00, 0x00, 0x00, 0x20, 0x60, 0x8c, 0xc7, 0x66,
  0x50, 0xbe, 0x00, 0x0e, 0xc7, 0x04, 0x10, 0x00, 0xc7, 0x44, 0x02, 0x01,
  0x00, 0x89, 0x5c, 0x04, 0x89, 0x7c, 0x06, 0x66, 0x89, 0x44, 0x08, 0x66,
  0xc7, 0x44, 0x0c, 0x00, 0x00, 0x00, 0x00, 0xb4, 0x42, 0x1e, 0x06, 0xcd,
  0x13, 0x07, 0x1f, 0x66, 0x58, 0x4d, 0x74, 0x07, 0x8d, 0x7d, 0x20, 0x66,
  0x40, 0xeb, 0xcc, 0x61, 0xc3, 0xbe, 0xf0, 0x01, 0xac, 0x3c, 0x00, 0x74,
  0x06, 0xb4, 0x0e, 0xcd, 0x10, 0xeb, 0xf5, 0xeb, 0xfe, 0x06, 0x81, 0x3f,
  0x05, 0x01, 0x75, 0x0e, 0x8b, 0xb7, 0xa8, 0x00, 0x8b, 0x8f, 0xac, 0x00,
  0x52, 0xba, 0x00, 0x00, 0xeb, 0x2f, 0x8b, 0x47, 0x22, 0x83, 0xe0, 0x07,
  0x83, 0xf8, 0x03, 0x75, 0x13, 0x8b, 0xb7, 0xd0, 0x00, 0x81, 0xc6, 0xd8,
  0x10, 0xbf, 0x00, 0x20, 0xb9, 0x80, 0x00, 0x66, 0xf3, 0xa5, 0xeb, 0x52,
  0x83, 0xf8, 0x00, 0x75, 0x4c, 0x52, 0x8b, 0xb7, 0xd0, 0x00, 0x8b, 0x8f,
  0xd4, 0x00, 0xba, 0x28, 0x00, 0x01, 0xd6, 0xc1, 0xe9, 0x03, 0x5a, 0x66,
  0x0f, 0xb7, 0x80, 0xb4, 0x00, 0x66, 0x03, 0x06, 0x07, 0x00, 0x66, 0x50,
  0x66, 0x8b, 0x80, 0xb0, 0x00, 0x66, 0x25, 0xff, 0xff, 0xff, 0x3f, 0x66,
  0x05, 0xff, 0x01, 0x00, 0x00, 0x66, 0xc1, 0xe8, 0x09, 0x89, 0xc5, 0x66,
  0x58, 0x53, 0x31, 0xdb, 0x8e, 0xc7, 0xe8, 0x3f, 0xff, 0x5b, 0x8d, 0x7d,
  0x20, 0x83, 0xc3, 0x08, 0xe2, 0xc9, 0xf8, 0xeb, 0x01, 0xf9, 0x07, 0xc3,
  0x00, 0x00, 0x00, 0x00, 0x00, 0x00, 0x00, 0x00, 0x00, 0x00, 0x00, 0x00,
  0x00, 0x00, 0x00, 0x00, 0x00, 0x00, 0x00, 0x00, 0x00, 0x00, 0x00, 0x00,
  0x4e, 0x6f, 0x20, 0x47, 0x52, 0x4c, 0x44, 0x52, 0x00, 0x00, 0x00, 0x00,
  0x00, 0x00, 0x55, 0xaa
};
